,freq,citizen,sex,unit,age,asyl_app,geo,year,applications
0,A,EXT_EU27_2020,T,PER,TOTAL,ASY_APP,AT,2013,17500.0
1,A,EXT_EU27_2020,T,PER,TOTAL,ASY_APP,BE,2013,21030.0
2,A,EXT_EU27_2020,T,PER,TOTAL,ASY_APP,BG,2013,7145.0
3,A,EXT_EU27_2020,T,PER,TOTAL,ASY_APP,CH,2013,21305.0
4,A,EXT_EU27_2020,T,PER,TOTAL,ASY_APP,CY,2013,1255.0
5,A,EXT_EU27_2020,T,PER,TOTAL,ASY_APP,CZ,2013,695.0
6,A,EXT_EU27_2020,T,PER,TOTAL,ASY_APP,DE,2013,126705.0
7,A,EXT_EU27_2020,T,PER,TOTAL,ASY_APP,DK,2013,7170.0
8,A,EXT_EU27_2020,T,PER,TOTAL,ASY_APP,EE,2013,95.0
9,A,EXT_EU27_2020,T,PER,TOTAL,ASY_APP,EL,2013,8225.0
10,A,EXT_EU27_2020,T,PER,TOTAL,ASY_APP,ES,2013,4485.0
12,A,EXT_EU27_2020,T,PER,TOTAL,ASY_APP,FI,2013,3210.0
13,A,EXT_EU27_2020,T,PER,TOTAL,ASY_APP,FR,2013,66265.0
14,A,EXT_EU27_2020,T,PER,TOTAL,ASY_APP,HR,2013,1080.0
15,A,EXT_EU27_2020,T,PER,TOTAL,ASY_APP,HU,2013,18895.0
16,A,EXT_EU27_2020,T,PER,TOTAL,ASY_APP,IE,2013,945.0
17,A,EXT_EU27_2020,T,PER,TOTAL,ASY_APP,IS,2013,125.0
18,A,EXT_EU27_2020,T,PER,TOTAL,ASY_APP,IT,2013,26620.0
19,A,EXT_EU27_2020,T,PER,TOTAL,ASY_APP,LI,2013,55.0
20,A,EXT_EU27_2020,T,PER,TOTAL,ASY_APP,LT,2013,400.0
21,A,EXT_EU27_2020,T,PER,TOTAL,ASY_APP,LU,2013,1070.0
22,A,EXT_EU27_2020,T,PER,TOTAL,ASY_APP,LV,2013,195.0
23,A,EXT_EU27_2020,T,PER,TOTAL,ASY_APP,ME,2013,
24,A,EXT_EU27_2020,T,PER,TOTAL,ASY_APP,MT,2013,2250.0
25,A,EXT_EU27_2020,T,PER,TOTAL,ASY_APP,NL,2013,13060.0
26,A,EXT_EU27_2020,T,PER,TOTAL,ASY_APP,NO,2013,11930.0
27,A,EXT_EU27_2020,T,PER,TOTAL,ASY_APP,PL,2013,15240.0
28,A,EXT_EU27_2020,T,PER,TOTAL,ASY_APP,PT,2013,500.0
29,A,EXT_EU27_2020,T,PER,TOTAL,ASY_APP,RO,2013,1495.0
30,A,EXT_EU27_2020,T,PER,TOTAL,ASY_APP,SE,2013,54270.0
31,A,EXT_EU27_2020,T,PER,TOTAL,ASY_APP,SI,2013,270.0
32,A,EXT_EU27_2020,T,PER,TOTAL,ASY_APP,SK,2013,440.0
33,A,EXT_EU27_2020,T,PER,TOTAL,ASY_APP,UK,2013,30585.0
34,A,EXT_EU27_2020,T,PER,TOTAL,NASY_APP,AT,2013,
35,A,EXT_EU27_2020,T,PER,TOTAL,NASY_APP,BE,2013,11965.0
36,A,EXT_EU27_2020,T,PER,TOTAL,NASY_APP,BG,2013,6980.0
37,A,EXT_EU27_2020,T,PER,TOTAL,NASY_APP,CH,2013,19315.0
38,A,EXT_EU27_2020,T,PER,TOTAL,NASY_APP,CY,2013,1150.0
39,A,EXT_EU27_2020,T,PER,TOTAL,NASY_APP,CZ,2013,490.0
40,A,EXT_EU27_2020,T,PER,TOTAL,NASY_APP,DE,2013,109375.0
41,A,EXT_EU27_2020,T,PER,TOTAL,NASY_APP,DK,2013,7170.0
42,A,EXT_EU27_2020,T,PER,TOTAL,NASY_APP,EE,2013,95.0
43,A,EXT_EU27_2020,T,PER,TOTAL,NASY_APP,EL,2013,7860.0
44,A,EXT_EU27_2020,T,PER,TOTAL,NASY_APP,ES,2013,4285.0
46,A,EXT_EU27_2020,T,PER,TOTAL,NASY_APP,FI,2013,2985.0
47,A,EXT_EU27_2020,T,PER,TOTAL,NASY_APP,FR,2013,60475.0
48,A,EXT_EU27_2020,T,PER,TOTAL,NASY_APP,HR,2013,1045.0
49,A,EXT_EU27_2020,T,PER,TOTAL,NASY_APP,HU,2013,18565.0
50,A,EXT_EU27_2020,T,PER,TOTAL,NASY_APP,IE,2013,940.0
51,A,EXT_EU27_2020,T,PER,TOTAL,NASY_APP,IS,2013,
52,A,EXT_EU27_2020,T,PER,TOTAL,NASY_APP,IT,2013,25720.0
53,A,EXT_EU27_2020,T,PER,TOTAL,NASY_APP,LI,2013,
54,A,EXT_EU27_2020,T,PER,TOTAL,NASY_APP,LT,2013,250.0
55,A,EXT_EU27_2020,T,PER,TOTAL,NASY_APP,LU,2013,990.0
56,A,EXT_EU27_2020,T,PER,TOTAL,NASY_APP,LV,2013,185.0
57,A,EXT_EU27_2020,T,PER,TOTAL,NASY_APP,ME,2013,
58,A,EXT_EU27_2020,T,PER,TOTAL,NASY_APP,MT,2013,2200.0
59,A,EXT_EU27_2020,T,PER,TOTAL,NASY_APP,NL,2013,9815.0
60,A,EXT_EU27_2020,T,PER,TOTAL,NASY_APP,NO,2013,11430.0
61,A,EXT_EU27_2020,T,PER,TOTAL,NASY_APP,PL,2013,13970.0
62,A,EXT_EU27_2020,T,PER,TOTAL,NASY_APP,PT,2013,500.0
63,A,EXT_EU27_2020,T,PER,TOTAL,NASY_APP,RO,2013,1405.0
64,A,EXT_EU27_2020,T,PER,TOTAL,NASY_APP,SE,2013,49230.0
65,A,EXT_EU27_2020,T,PER,TOTAL,NASY_APP,SI,2013,240.0
66,A,EXT_EU27_2020,T,PER,TOTAL,NASY_APP,SK,2013,290.0
67,A,EXT_EU27_2020,T,PER,TOTAL,NASY_APP,UK,2013,29640.0
68,A,EXT_EU27_2020,T,PER,TOTAL,SSEQ,AT,2013,
69,A,EXT_EU27_2020,T,PER,TOTAL,SSEQ,BE,2013,
70,A,EXT_EU27_2020,T,PER,TOTAL,SSEQ,BG,2013,
71,A,EXT_EU27_2020,T,PER,TOTAL,SSEQ,CH,2013,
72,A,EXT_EU27_2020,T,PER,TOTAL,SSEQ,CY,2013,
73,A,EXT_EU27_2020,T,PER,TOTAL,SSEQ,CZ,2013,
74,A,EXT_EU27_2020,T,PER,TOTAL,SSEQ,DE,2013,
75,A,EXT_EU27_2020,T,PER,TOTAL,SSEQ,DK,2013,
76,A,EXT_EU27_2020,T,PER,TOTAL,SSEQ,EE,2013,
77,A,EXT_EU27_2020,T,PER,TOTAL,SSEQ,EL,2013,
78,A,EXT_EU27_2020,T,PER,TOTAL,SSEQ,ES,2013,
80,A,EXT_EU27_2020,T,PER,TOTAL,SSEQ,FI,2013,
81,A,EXT_EU27_2020,T,PER,TOTAL,SSEQ,FR,2013,
82,A,EXT_EU27_2020,T,PER,TOTAL,SSEQ,HR,2013,
83,A,EXT_EU27_2020,T,PER,TOTAL,SSEQ,HU,2013,
84,A,EXT_EU27_2020,T,PER,TOTAL,SSEQ,IE,2013,
85,A,EXT_EU27_2020,T,PER,TOTAL,SSEQ,IS,2013,
86,A,EXT_EU27_2020,T,PER,TOTAL,SSEQ,IT,2013,
87,A,EXT_EU27_2020,T,PER,TOTAL,SSEQ,LI,2013,
88,A,EXT_EU27_2020,T,PER,TOTAL,SSEQ,LT,2013,
89,A,EXT_EU27_2020,T,PER,TOTAL,SSEQ,LU,2013,
90,A,EXT_EU27_2020,T,PER,TOTAL,SSEQ,LV,2013,
91,A,EXT_EU27_2020,T,PER,TOTAL,SSEQ,ME,2013,
92,A,EXT_EU27_2020,T,PER,TOTAL,SSEQ,MT,2013,
93,A,EXT_EU27_2020,T,PER,TOTAL,SSEQ,NL,2013,
94,A,EXT_EU27_2020,T,PER,TOTAL,SSEQ,NO,2013,
95,A,EXT_EU27_2020,T,PER,TOTAL,SSEQ,PL,2013,
96,A,EXT_EU27_2020,T,PER,TOTAL,SSEQ,PT,2013,
97,A,EXT_EU27_2020,T,PER,TOTAL,SSEQ,RO,2013,
98,A,EXT_EU27_2020,T,PER,TOTAL,SSEQ,SE,2013,
99,A,EXT_EU27_2020,T,PER,TOTAL,SSEQ,SI,2013,
100,A,EXT_EU27_2020,T,PER,TOTAL,SSEQ,SK,2013,
101,A,EXT_EU27_2020,T,PER,TOTAL,ASY_APP,AT,2014,28035.0
102,A,EXT_EU27_2020,T,PER,TOTAL,ASY_APP,BE,2014,22710.0
103,A,EXT_EU27_2020,T,PER,TOTAL,ASY_APP,BG,2014,11080.0
104,A,EXT_EU27_2020,T,PER,TOTAL,ASY_APP,CH,2014,23560.0
105,A,EXT_EU27_2020,T,PER,TOTAL,ASY_APP,CY,2014,1745.0
106,A,EXT_EU27_2020,T,PER,TOTAL,ASY_APP,CZ,2014,1145.0
107,A,EXT_EU27_2020,T,PER,TOTAL,ASY_APP,DE,2014,202645.0
108,A,EXT_EU27_2020,T,PER,TOTAL,ASY_APP,DK,2014,14680.0
109,A,EXT_EU27_2020,T,PER,TOTAL,ASY_APP,EE,2014,155.0
110,A,EXT_EU27_2020,T,PER,TOTAL,ASY_APP,EL,2014,9430.0
111,A,EXT_EU27_2020,T,PER,TOTAL,ASY_APP,ES,2014,5615.0
113,A,EXT_EU27_2020,T,PER,TOTAL,ASY_APP,FI,2014,3620.0
114,A,EXT_EU27_2020,T,PER,TOTAL,ASY_APP,FR,2014,64310.0
115,A,EXT_EU27_2020,T,PER,TOTAL,ASY_APP,HR,2014,450.0
116,A,EXT_EU27_2020,T,PER,TOTAL,ASY_APP,HU,2014,42775.0
117,A,EXT_EU27_2020,T,PER,TOTAL,ASY_APP,IE,2014,1450.0
118,A,EXT_EU27_2020,T,PER,TOTAL,ASY_APP,IS,2014,170.0
119,A,EXT_EU27_2020,T,PER,TOTAL,ASY_APP,IT,2014,64625.0
120,A,EXT_EU27_2020,T,PER,TOTAL,ASY_APP,LI,2014,65.0
121,A,EXT_EU27_2020,T,PER,TOTAL,ASY_APP,LT,2014,440.0
122,A,EXT_EU27_2020,T,PER,TOTAL,ASY_APP,LU,2014,1150.0
123,A,EXT_EU27_2020,T,PER,TOTAL,ASY_APP,LV,2014,375.0
124,A,EXT_EU27_2020,T,PER,TOTAL,ASY_APP,ME,2014,
125,A,EXT_EU27_2020,T,PER,TOTAL,ASY_APP,MT,2014,1350.0
126,A,EXT_EU27_2020,T,PER,TOTAL,ASY_APP,NL,2014,24495.0
127,A,EXT_EU27_2020,T,PER,TOTAL,ASY_APP,NO,2014,11415.0
128,A,EXT_EU27_2020,T,PER,TOTAL,ASY_APP,PL,2014,8020.0
129,A,EXT_EU27_2020,T,PER,TOTAL,ASY_APP,PT,2014,440.0
130,A,EXT_EU27_2020,T,PER,TOTAL,ASY_APP,RO,2014,1545.0
131,A,EXT_EU27_2020,T,PER,TOTAL,ASY_APP,SE,2014,81185.0
132,A,EXT_EU27_2020,T,PER,TOTAL,ASY_APP,SI,2014,385.0
133,A,EXT_EU27_2020,T,PER,TOTAL,ASY_APP,SK,2014,330.0
134,A,EXT_EU27_2020,T,PER,TOTAL,ASY_APP,UK,2014,32785.0
135,A,EXT_EU27_2020,T,PER,TOTAL,NASY_APP,AT,2014,25675.0
136,A,EXT_EU27_2020,T,PER,TOTAL,NASY_APP,BE,2014,14045.0
137,A,EXT_EU27_2020,T,PER,TOTAL,NASY_APP,BG,2014,10805.0
138,A,EXT_EU27_2020,T,PER,TOTAL,NASY_APP,CH,2014,21940.0
139,A,EXT_EU27_2020,T,PER,TOTAL,NASY_APP,CY,2014,1480.0
140,A,EXT_EU27_2020,T,PER,TOTAL,NASY_APP,CZ,2014,905.0
141,A,EXT_EU27_2020,T,PER,TOTAL,NASY_APP,DE,2014,172945.0
142,A,EXT_EU27_2020,T,PER,TOTAL,NASY_APP,DK,2014,14535.0
143,A,EXT_EU27_2020,T,PER,TOTAL,NASY_APP,EE,2014,145.0
144,A,EXT_EU27_2020,T,PER,TOTAL,NASY_APP,EL,2014,7585.0
145,A,EXT_EU27_2020,T,PER,TOTAL,NASY_APP,ES,2014,5460.0
147,A,EXT_EU27_2020,T,PER,TOTAL,NASY_APP,FI,2014,3490.0
148,A,EXT_EU27_2020,T,PER,TOTAL,NASY_APP,FR,2014,58845.0
149,A,EXT_EU27_2020,T,PER,TOTAL,NASY_APP,HR,2014,380.0
150,A,EXT_EU27_2020,T,PER,TOTAL,NASY_APP,HU,2014,41215.0
151,A,EXT_EU27_2020,T,PER,TOTAL,NASY_APP,IE,2014,1440.0
152,A,EXT_EU27_2020,T,PER,TOTAL,NASY_APP,IS,2014,
153,A,EXT_EU27_2020,T,PER,TOTAL,NASY_APP,IT,2014,63655.0
154,A,EXT_EU27_2020,T,PER,TOTAL,NASY_APP,LI,2014,
155,A,EXT_EU27_2020,T,PER,TOTAL,NASY_APP,LT,2014,385.0
156,A,EXT_EU27_2020,T,PER,TOTAL,NASY_APP,LU,2014,1030.0
157,A,EXT_EU27_2020,T,PER,TOTAL,NASY_APP,LV,2014,365.0
158,A,EXT_EU27_2020,T,PER,TOTAL,NASY_APP,ME,2014,
159,A,EXT_EU27_2020,T,PER,TOTAL,NASY_APP,MT,2014,1275.0
160,A,EXT_EU27_2020,T,PER,TOTAL,NASY_APP,NL,2014,21780.0
161,A,EXT_EU27_2020,T,PER,TOTAL,NASY_APP,NO,2014,10910.0
162,A,EXT_EU27_2020,T,PER,TOTAL,NASY_APP,PL,2014,5610.0
163,A,EXT_EU27_2020,T,PER,TOTAL,NASY_APP,PT,2014,440.0
164,A,EXT_EU27_2020,T,PER,TOTAL,NASY_APP,RO,2014,1500.0
165,A,EXT_EU27_2020,T,PER,TOTAL,NASY_APP,SE,2014,74980.0
166,A,EXT_EU27_2020,T,PER,TOTAL,NASY_APP,SI,2014,355.0
167,A,EXT_EU27_2020,T,PER,TOTAL,NASY_APP,SK,2014,230.0
168,A,EXT_EU27_2020,T,PER,TOTAL,NASY_APP,UK,2014,32120.0
169,A,EXT_EU27_2020,T,PER,TOTAL,SSEQ,AT,2014,
170,A,EXT_EU27_2020,T,PER,TOTAL,SSEQ,BE,2014,
171,A,EXT_EU27_2020,T,PER,TOTAL,SSEQ,BG,2014,
172,A,EXT_EU27_2020,T,PER,TOTAL,SSEQ,CH,2014,
173,A,EXT_EU27_2020,T,PER,TOTAL,SSEQ,CY,2014,
174,A,EXT_EU27_2020,T,PER,TOTAL,SSEQ,CZ,2014,
175,A,EXT_EU27_2020,T,PER,TOTAL,SSEQ,DE,2014,
176,A,EXT_EU27_2020,T,PER,TOTAL,SSEQ,DK,2014,
177,A,EXT_EU27_2020,T,PER,TOTAL,SSEQ,EE,2014,
178,A,EXT_EU27_2020,T,PER,TOTAL,SSEQ,EL,2014,
179,A,EXT_EU27_2020,T,PER,TOTAL,SSEQ,ES,2014,
181,A,EXT_EU27_2020,T,PER,TOTAL,SSEQ,FI,2014,
182,A,EXT_EU27_2020,T,PER,TOTAL,SSEQ,FR,2014,
183,A,EXT_EU27_2020,T,PER,TOTAL,SSEQ,HR,2014,
184,A,EXT_EU27_2020,T,PER,TOTAL,SSEQ,HU,2014,
185,A,EXT_EU27_2020,T,PER,TOTAL,SSEQ,IE,2014,
186,A,EXT_EU27_2020,T,PER,TOTAL,SSEQ,IS,2014,
187,A,EXT_EU27_2020,T,PER,TOTAL,SSEQ,IT,2014,
188,A,EXT_EU27_2020,T,PER,TOTAL,SSEQ,LI,2014,
189,A,EXT_EU27_2020,T,PER,TOTAL,SSEQ,LT,2014,
190,A,EXT_EU27_2020,T,PER,TOTAL,SSEQ,LU,2014,
191,A,EXT_EU27_2020,T,PER,TOTAL,SSEQ,LV,2014,
192,A,EXT_EU27_2020,T,PER,TOTAL,SSEQ,ME,2014,
193,A,EXT_EU27_2020,T,PER,TOTAL,SSEQ,MT,2014,
194,A,EXT_EU27_2020,T,PER,TOTAL,SSEQ,NL,2014,
195,A,EXT_EU27_2020,T,PER,TOTAL,SSEQ,NO,2014,
196,A,EXT_EU27_2020,T,PER,TOTAL,SSEQ,PL,2014,
197,A,EXT_EU27_2020,T,PER,TOTAL,SSEQ,PT,2014,
198,A,EXT_EU27_2020,T,PER,TOTAL,SSEQ,RO,2014,
199,A,EXT_EU27_2020,T,PER,TOTAL,SSEQ,SE,2014,
200,A,EXT_EU27_2020,T,PER,TOTAL,SSEQ,SI,2014,
201,A,EXT_EU27_2020,T,PER,TOTAL,SSEQ,SK,2014,
202,A,EXT_EU27_2020,T,PER,TOTAL,ASY_APP,AT,2015,88160.0
203,A,EXT_EU27_2020,T,PER,TOTAL,ASY_APP,BE,2015,44665.0
204,A,EXT_EU27_2020,T,PER,TOTAL,ASY_APP,BG,2015,20390.0
205,A,EXT_EU27_2020,T,PER,TOTAL,ASY_APP,CH,2015,39445.0
206,A,EXT_EU27_2020,T,PER,TOTAL,ASY_APP,CY,2015,2265.0
207,A,EXT_EU27_2020,T,PER,TOTAL,ASY_APP,CZ,2015,1515.0
208,A,EXT_EU27_2020,T,PER,TOTAL,ASY_APP,DE,2015,476510.0
209,A,EXT_EU27_2020,T,PER,TOTAL,ASY_APP,DK,2015,20935.0
210,A,EXT_EU27_2020,T,PER,TOTAL,ASY_APP,EE,2015,230.0
211,A,EXT_EU27_2020,T,PER,TOTAL,ASY_APP,EL,2015,13205.0
212,A,EXT_EU27_2020,T,PER,TOTAL,ASY_APP,ES,2015,14780.0
214,A,EXT_EU27_2020,T,PER,TOTAL,ASY_APP,FI,2015,32345.0
215,A,EXT_EU27_2020,T,PER,TOTAL,ASY_APP,FR,2015,76165.0
216,A,EXT_EU27_2020,T,PER,TOTAL,ASY_APP,HR,2015,210.0
217,A,EXT_EU27_2020,T,PER,TOTAL,ASY_APP,HU,2015,177135.0
218,A,EXT_EU27_2020,T,PER,TOTAL,ASY_APP,IE,2015,3275.0
219,A,EXT_EU27_2020,T,PER,TOTAL,ASY_APP,IS,2015,370.0
220,A,EXT_EU27_2020,T,PER,TOTAL,ASY_APP,IT,2015,83540.0
221,A,EXT_EU27_2020,T,PER,TOTAL,ASY_APP,LI,2015,150.0
222,A,EXT_EU27_2020,T,PER,TOTAL,ASY_APP,LT,2015,315.0
223,A,EXT_EU27_2020,T,PER,TOTAL,ASY_APP,LU,2015,2505.0
224,A,EXT_EU27_2020,T,PER,TOTAL,ASY_APP,LV,2015,330.0
225,A,EXT_EU27_2020,T,PER,TOTAL,ASY_APP,ME,2015,
226,A,EXT_EU27_2020,T,PER,TOTAL,ASY_APP,MT,2015,1845.0
227,A,EXT_EU27_2020,T,PER,TOTAL,ASY_APP,NL,2015,44970.0
228,A,EXT_EU27_2020,T,PER,TOTAL,ASY_APP,NO,2015,31115.0
229,A,EXT_EU27_2020,T,PER,TOTAL,ASY_APP,PL,2015,12190.0
230,A,EXT_EU27_2020,T,PER,TOTAL,ASY_APP,PT,2015,895.0
231,A,EXT_EU27_2020,T,PER,TOTAL,ASY_APP,RO,2015,1260.0
232,A,EXT_EU27_2020,T,PER,TOTAL,ASY_APP,SE,2015,162450.0
233,A,EXT_EU27_2020,T,PER,TOTAL,ASY_APP,SI,2015,275.0
234,A,EXT_EU27_2020,T,PER,TOTAL,ASY_APP,SK,2015,330.0
235,A,EXT_EU27_2020,T,PER,TOTAL,ASY_APP,UK,2015,40160.0
236,A,EXT_EU27_2020,T,PER,TOTAL,NASY_APP,AT,2015,85505.0
237,A,EXT_EU27_2020,T,PER,TOTAL,NASY_APP,BE,2015,38990.0
238,A,EXT_EU27_2020,T,PER,TOTAL,NASY_APP,BG,2015,20160.0
239,A,EXT_EU27_2020,T,PER,TOTAL,NASY_APP,CH,2015,38060.0
240,A,EXT_EU27_2020,T,PER,TOTAL,NASY_APP,CY,2015,2105.0
241,A,EXT_EU27_2020,T,PER,TOTAL,NASY_APP,CZ,2015,1235.0
242,A,EXT_EU27_2020,T,PER,TOTAL,NASY_APP,DE,2015,441805.0
243,A,EXT_EU27_2020,T,PER,TOTAL,NASY_APP,DK,2015,20825.0
244,A,EXT_EU27_2020,T,PER,TOTAL,NASY_APP,EE,2015,225.0
245,A,EXT_EU27_2020,T,PER,TOTAL,NASY_APP,EL,2015,11370.0
246,A,EXT_EU27_2020,T,PER,TOTAL,NASY_APP,ES,2015,14600.0
248,A,EXT_EU27_2020,T,PER,TOTAL,NASY_APP,FI,2015,32150.0
249,A,EXT_EU27_2020,T,PER,TOTAL,NASY_APP,FR,2015,70570.0
250,A,EXT_EU27_2020,T,PER,TOTAL,NASY_APP,HR,2015,140.0
251,A,EXT_EU27_2020,T,PER,TOTAL,NASY_APP,HU,2015,174435.0
252,A,EXT_EU27_2020,T,PER,TOTAL,NASY_APP,IE,2015,3270.0
253,A,EXT_EU27_2020,T,PER,TOTAL,NASY_APP,IS,2015,360.0
254,A,EXT_EU27_2020,T,PER,TOTAL,NASY_APP,IT,2015,82790.0
255,A,EXT_EU27_2020,T,PER,TOTAL,NASY_APP,LI,2015,
256,A,EXT_EU27_2020,T,PER,TOTAL,NASY_APP,LT,2015,275.0
257,A,EXT_EU27_2020,T,PER,TOTAL,NASY_APP,LU,2015,2360.0
258,A,EXT_EU27_2020,T,PER,TOTAL,NASY_APP,LV,2015,330.0
259,A,EXT_EU27_2020,T,PER,TOTAL,NASY_APP,ME,2015,
260,A,EXT_EU27_2020,T,PER,TOTAL,NASY_APP,MT,2015,1695.0
261,A,EXT_EU27_2020,T,PER,TOTAL,NASY_APP,NL,2015,43035.0
262,A,EXT_EU27_2020,T,PER,TOTAL,NASY_APP,NO,2015,30475.0
263,A,EXT_EU27_2020,T,PER,TOTAL,NASY_APP,PL,2015,10255.0
264,A,EXT_EU27_2020,T,PER,TOTAL,NASY_APP,PT,2015,870.0
265,A,EXT_EU27_2020,T,PER,TOTAL,NASY_APP,RO,2015,1225.0
266,A,EXT_EU27_2020,T,PER,TOTAL,NASY_APP,SE,2015,156115.0
267,A,EXT_EU27_2020,T,PER,TOTAL,NASY_APP,SI,2015,260.0
268,A,EXT_EU27_2020,T,PER,TOTAL,NASY_APP,SK,2015,270.0
269,A,EXT_EU27_2020,T,PER,TOTAL,NASY_APP,UK,2015,39720.0
270,A,EXT_EU27_2020,T,PER,TOTAL,SSEQ,AT,2015,
271,A,EXT_EU27_2020,T,PER,TOTAL,SSEQ,BE,2015,
272,A,EXT_EU27_2020,T,PER,TOTAL,SSEQ,BG,2015,
273,A,EXT_EU27_2020,T,PER,TOTAL,SSEQ,CH,2015,
274,A,EXT_EU27_2020,T,PER,TOTAL,SSEQ,CY,2015,
275,A,EXT_EU27_2020,T,PER,TOTAL,SSEQ,CZ,2015,
276,A,EXT_EU27_2020,T,PER,TOTAL,SSEQ,DE,2015,
277,A,EXT_EU27_2020,T,PER,TOTAL,SSEQ,DK,2015,
278,A,EXT_EU27_2020,T,PER,TOTAL,SSEQ,EE,2015,
279,A,EXT_EU27_2020,T,PER,TOTAL,SSEQ,EL,2015,
280,A,EXT_EU27_2020,T,PER,TOTAL,SSEQ,ES,2015,
282,A,EXT_EU27_2020,T,PER,TOTAL,SSEQ,FI,2015,
283,A,EXT_EU27_2020,T,PER,TOTAL,SSEQ,FR,2015,
284,A,EXT_EU27_2020,T,PER,TOTAL,SSEQ,HR,2015,
285,A,EXT_EU27_2020,T,PER,TOTAL,SSEQ,HU,2015,
286,A,EXT_EU27_2020,T,PER,TOTAL,SSEQ,IE,2015,
287,A,EXT_EU27_2020,T,PER,TOTAL,SSEQ,IS,2015,
288,A,EXT_EU27_2020,T,PER,TOTAL,SSEQ,IT,2015,
289,A,EXT_EU27_2020,T,PER,TOTAL,SSEQ,LI,2015,
290,A,EXT_EU27_2020,T,PER,TOTAL,SSEQ,LT,2015,
291,A,EXT_EU27_2020,T,PER,TOTAL,SSEQ,LU,2015,
292,A,EXT_EU27_2020,T,PER,TOTAL,SSEQ,LV,2015,
293,A,EXT_EU27_2020,T,PER,TOTAL,SSEQ,ME,2015,
294,A,EXT_EU27_2020,T,PER,TOTAL,SSEQ,MT,2015,
295,A,EXT_EU27_2020,T,PER,TOTAL,SSEQ,NL,2015,
296,A,EXT_EU27_2020,T,PER,TOTAL,SSEQ,NO,2015,
297,A,EXT_EU27_2020,T,PER,TOTAL,SSEQ,PL,2015,
298,A,EXT_EU27_2020,T,PER,TOTAL,SSEQ,PT,2015,
299,A,EXT_EU27_2020,T,PER,TOTAL,SSEQ,RO,2015,
300,A,EXT_EU27_2020,T,PER,TOTAL,SSEQ,SE,2015,
301,A,EXT_EU27_2020,T,PER,TOTAL,SSEQ,SI,2015,
302,A,EXT_EU27_2020,T,PER,TOTAL,SSEQ,SK,2015,
303,A,EXT_EU27_2020,T,PER,TOTAL,ASY_APP,AT,2016,42255.0
304,A,EXT_EU27_2020,T,PER,TOTAL,ASY_APP,BE,2016,18280.0
305,A,EXT_EU27_2020,T,PER,TOTAL,ASY_APP,BG,2016,19420.0
306,A,EXT_EU27_2020,T,PER,TOTAL,ASY_APP,CH,2016,27140.0
307,A,EXT_EU27_2020,T,PER,TOTAL,ASY_APP,CY,2016,2940.0
308,A,EXT_EU27_2020,T,PER,TOTAL,ASY_APP,CZ,2016,1475.0
309,A,EXT_EU27_2020,T,PER,TOTAL,ASY_APP,DE,2016,745160.0
310,A,EXT_EU27_2020,T,PER,TOTAL,ASY_APP,DK,2016,6180.0
311,A,EXT_EU27_2020,T,PER,TOTAL,ASY_APP,EE,2016,175.0
312,A,EXT_EU27_2020,T,PER,TOTAL,ASY_APP,EL,2016,51110.0
313,A,EXT_EU27_2020,T,PER,TOTAL,ASY_APP,ES,2016,15755.0
315,A,EXT_EU27_2020,T,PER,TOTAL,ASY_APP,FI,2016,5605.0
316,A,EXT_EU27_2020,T,PER,TOTAL,ASY_APP,FR,2016,84270.0
317,A,EXT_EU27_2020,T,PER,TOTAL,ASY_APP,HR,2016,2225.0
318,A,EXT_EU27_2020,T,PER,TOTAL,ASY_APP,HU,2016,29430.0
319,A,EXT_EU27_2020,T,PER,TOTAL,ASY_APP,IE,2016,2245.0
320,A,EXT_EU27_2020,T,PER,TOTAL,ASY_APP,IS,2016,1125.0
321,A,EXT_EU27_2020,T,PER,TOTAL,ASY_APP,IT,2016,122960.0
322,A,EXT_EU27_2020,T,PER,TOTAL,ASY_APP,LI,2016,80.0
323,A,EXT_EU27_2020,T,PER,TOTAL,ASY_APP,LT,2016,430.0
324,A,EXT_EU27_2020,T,PER,TOTAL,ASY_APP,LU,2016,2160.0
325,A,EXT_EU27_2020,T,PER,TOTAL,ASY_APP,LV,2016,350.0
326,A,EXT_EU27_2020,T,PER,TOTAL,ASY_APP,ME,2016,
327,A,EXT_EU27_2020,T,PER,TOTAL,ASY_APP,MT,2016,1930.0
328,A,EXT_EU27_2020,T,PER,TOTAL,ASY_APP,NL,2016,20945.0
329,A,EXT_EU27_2020,T,PER,TOTAL,ASY_APP,NO,2016,3490.0
330,A,EXT_EU27_2020,T,PER,TOTAL,ASY_APP,PL,2016,12305.0
331,A,EXT_EU27_2020,T,PER,TOTAL,ASY_APP,PT,2016,1460.0
332,A,EXT_EU27_2020,T,PER,TOTAL,ASY_APP,RO,2016,1880.0
333,A,EXT_EU27_2020,T,PER,TOTAL,ASY_APP,SE,2016,28795.0
334,A,EXT_EU27_2020,T,PER,TOTAL,ASY_APP,SI,2016,1310.0
335,A,EXT_EU27_2020,T,PER,TOTAL,ASY_APP,SK,2016,145.0
336,A,EXT_EU27_2020,T,PER,TOTAL,ASY_APP,UK,2016,39735.0
337,A,EXT_EU27_2020,T,PER,TOTAL,NASY_APP,AT,2016,39875.0
338,A,EXT_EU27_2020,T,PER,TOTAL,NASY_APP,BE,2016,14250.0
339,A,EXT_EU27_2020,T,PER,TOTAL,NASY_APP,BG,2016,18990.0
340,A,EXT_EU27_2020,T,PER,TOTAL,NASY_APP,CH,2016,25825.0
341,A,EXT_EU27_2020,T,PER,TOTAL,NASY_APP,CY,2016,2840.0
342,A,EXT_EU27_2020,T,PER,TOTAL,NASY_APP,CZ,2016,1200.0
343,A,EXT_EU27_2020,T,PER,TOTAL,NASY_APP,DE,2016,722270.0
344,A,EXT_EU27_2020,T,PER,TOTAL,NASY_APP,DK,2016,6055.0
345,A,EXT_EU27_2020,T,PER,TOTAL,NASY_APP,EE,2016,150.0
346,A,EXT_EU27_2020,T,PER,TOTAL,NASY_APP,EL,2016,49875.0
347,A,EXT_EU27_2020,T,PER,TOTAL,NASY_APP,ES,2016,15570.0
349,A,EXT_EU27_2020,T,PER,TOTAL,NASY_APP,FI,2016,5275.0
350,A,EXT_EU27_2020,T,PER,TOTAL,NASY_APP,FR,2016,76790.0
351,A,EXT_EU27_2020,T,PER,TOTAL,NASY_APP,HR,2016,2150.0
352,A,EXT_EU27_2020,T,PER,TOTAL,NASY_APP,HU,2016,28215.0
353,A,EXT_EU27_2020,T,PER,TOTAL,NASY_APP,IE,2016,2235.0
354,A,EXT_EU27_2020,T,PER,TOTAL,NASY_APP,IS,2016,1100.0
355,A,EXT_EU27_2020,T,PER,TOTAL,NASY_APP,IT,2016,121185.0
356,A,EXT_EU27_2020,T,PER,TOTAL,NASY_APP,LI,2016,75.0
357,A,EXT_EU27_2020,T,PER,TOTAL,NASY_APP,LT,2016,415.0
358,A,EXT_EU27_2020,T,PER,TOTAL,NASY_APP,LU,2016,2065.0
359,A,EXT_EU27_2020,T,PER,TOTAL,NASY_APP,LV,2016,345.0
360,A,EXT_EU27_2020,T,PER,TOTAL,NASY_APP,ME,2016,
361,A,EXT_EU27_2020,T,PER,TOTAL,NASY_APP,MT,2016,1735.0
362,A,EXT_EU27_2020,T,PER,TOTAL,NASY_APP,NL,2016,19285.0
363,A,EXT_EU27_2020,T,PER,TOTAL,NASY_APP,NO,2016,3245.0
364,A,EXT_EU27_2020,T,PER,TOTAL,NASY_APP,PL,2016,9780.0
365,A,EXT_EU27_2020,T,PER,TOTAL,NASY_APP,PT,2016,710.0
366,A,EXT_EU27_2020,T,PER,TOTAL,NASY_APP,RO,2016,1855.0
367,A,EXT_EU27_2020,T,PER,TOTAL,NASY_APP,SE,2016,22335.0
368,A,EXT_EU27_2020,T,PER,TOTAL,NASY_APP,SI,2016,1265.0
369,A,EXT_EU27_2020,T,PER,TOTAL,NASY_APP,SK,2016,100.0
370,A,EXT_EU27_2020,T,PER,TOTAL,NASY_APP,UK,2016,39240.0
371,A,EXT_EU27_2020,T,PER,TOTAL,SSEQ,AT,2016,
372,A,EXT_EU27_2020,T,PER,TOTAL,SSEQ,BE,2016,
373,A,EXT_EU27_2020,T,PER,TOTAL,SSEQ,BG,2016,
374,A,EXT_EU27_2020,T,PER,TOTAL,SSEQ,CH,2016,
375,A,EXT_EU27_2020,T,PER,TOTAL,SSEQ,CY,2016,
376,A,EXT_EU27_2020,T,PER,TOTAL,SSEQ,CZ,2016,
377,A,EXT_EU27_2020,T,PER,TOTAL,SSEQ,DE,2016,
378,A,EXT_EU27_2020,T,PER,TOTAL,SSEQ,DK,2016,
379,A,EXT_EU27_2020,T,PER,TOTAL,SSEQ,EE,2016,
380,A,EXT_EU27_2020,T,PER,TOTAL,SSEQ,EL,2016,
381,A,EXT_EU27_2020,T,PER,TOTAL,SSEQ,ES,2016,
383,A,EXT_EU27_2020,T,PER,TOTAL,SSEQ,FI,2016,
384,A,EXT_EU27_2020,T,PER,TOTAL,SSEQ,FR,2016,
385,A,EXT_EU27_2020,T,PER,TOTAL,SSEQ,HR,2016,
386,A,EXT_EU27_2020,T,PER,TOTAL,SSEQ,HU,2016,
387,A,EXT_EU27_2020,T,PER,TOTAL,SSEQ,IE,2016,
388,A,EXT_EU27_2020,T,PER,TOTAL,SSEQ,IS,2016,
389,A,EXT_EU27_2020,T,PER,TOTAL,SSEQ,IT,2016,
390,A,EXT_EU27_2020,T,PER,TOTAL,SSEQ,LI,2016,
391,A,EXT_EU27_2020,T,PER,TOTAL,SSEQ,LT,2016,
392,A,EXT_EU27_2020,T,PER,TOTAL,SSEQ,LU,2016,
393,A,EXT_EU27_2020,T,PER,TOTAL,SSEQ,LV,2016,
394,A,EXT_EU27_2020,T,PER,TOTAL,SSEQ,ME,2016,
395,A,EXT_EU27_2020,T,PER,TOTAL,SSEQ,MT,2016,
396,A,EXT_EU27_2020,T,PER,TOTAL,SSEQ,NL,2016,
397,A,EXT_EU27_2020,T,PER,TOTAL,SSEQ,NO,2016,
398,A,EXT_EU27_2020,T,PER,TOTAL,SSEQ,PL,2016,
399,A,EXT_EU27_2020,T,PER,TOTAL,SSEQ,PT,2016,
400,A,EXT_EU27_2020,T,PER,TOTAL,SSEQ,RO,2016,
401,A,EXT_EU27_2020,T,PER,TOTAL,SSEQ,SE,2016,
402,A,EXT_EU27_2020,T,PER,TOTAL,SSEQ,SI,2016,
403,A,EXT_EU27_2020,T,PER,TOTAL,SSEQ,SK,2016,
404,A,EXT_EU27_2020,T,PER,TOTAL,ASY_APP,AT,2017,24715.0
405,A,EXT_EU27_2020,T,PER,TOTAL,ASY_APP,BE,2017,18340.0
406,A,EXT_EU27_2020,T,PER,TOTAL,ASY_APP,BG,2017,3695.0
407,A,EXT_EU27_2020,T,PER,TOTAL,ASY_APP,CH,2017,18015.0
408,A,EXT_EU27_2020,T,PER,TOTAL,ASY_APP,CY,2017,4600.0
409,A,EXT_EU27_2020,T,PER,TOTAL,ASY_APP,CZ,2017,1445.0
410,A,EXT_EU27_2020,T,PER,TOTAL,ASY_APP,DE,2017,222565.0
411,A,EXT_EU27_2020,T,PER,TOTAL,ASY_APP,DK,2017,3220.0
412,A,EXT_EU27_2020,T,PER,TOTAL,ASY_APP,EE,2017,190.0
413,A,EXT_EU27_2020,T,PER,TOTAL,ASY_APP,EL,2017,58650.0
414,A,EXT_EU27_2020,T,PER,TOTAL,ASY_APP,ES,2017,36610.0
416,A,EXT_EU27_2020,T,PER,TOTAL,ASY_APP,FI,2017,4995.0
417,A,EXT_EU27_2020,T,PER,TOTAL,ASY_APP,FR,2017,99330.0
418,A,EXT_EU27_2020,T,PER,TOTAL,ASY_APP,HR,2017,975.0
419,A,EXT_EU27_2020,T,PER,TOTAL,ASY_APP,HU,2017,3390.0
420,A,EXT_EU27_2020,T,PER,TOTAL,ASY_APP,IE,2017,2930.0
421,A,EXT_EU27_2020,T,PER,TOTAL,ASY_APP,IS,2017,1085.0
422,A,EXT_EU27_2020,T,PER,TOTAL,ASY_APP,IT,2017,128850.0
423,A,EXT_EU27_2020,T,PER,TOTAL,ASY_APP,LI,2017,150.0
424,A,EXT_EU27_2020,T,PER,TOTAL,ASY_APP,LT,2017,545.0
425,A,EXT_EU27_2020,T,PER,TOTAL,ASY_APP,LU,2017,2430.0
426,A,EXT_EU27_2020,T,PER,TOTAL,ASY_APP,LV,2017,355.0
427,A,EXT_EU27_2020,T,PER,TOTAL,ASY_APP,ME,2017,
428,A,EXT_EU27_2020,T,PER,TOTAL,ASY_APP,MT,2017,1840.0
429,A,EXT_EU27_2020,T,PER,TOTAL,ASY_APP,NL,2017,18210.0
430,A,EXT_EU27_2020,T,PER,TOTAL,ASY_APP,NO,2017,3520.0
431,A,EXT_EU27_2020,T,PER,TOTAL,ASY_APP,PL,2017,5045.0
432,A,EXT_EU27_2020,T,PER,TOTAL,ASY_APP,PT,2017,1750.0
433,A,EXT_EU27_2020,T,PER,TOTAL,ASY_APP,RO,2017,4815.0
434,A,EXT_EU27_2020,T,PER,TOTAL,ASY_APP,SE,2017,26330.0
435,A,EXT_EU27_2020,T,PER,TOTAL,ASY_APP,SI,2017,1475.0
436,A,EXT_EU27_2020,T,PER,TOTAL,ASY_APP,SK,2017,160.0
437,A,EXT_EU27_2020,T,PER,TOTAL,ASY_APP,UK,2017,34780.0
438,A,EXT_EU27_2020,T,PER,TOTAL,NASY_APP,AT,2017,22455.0
439,A,EXT_EU27_2020,T,PER,TOTAL,NASY_APP,BE,2017,14035.0
440,A,EXT_EU27_2020,T,PER,TOTAL,NASY_APP,BG,2017,3470.0
441,A,EXT_EU27_2020,T,PER,TOTAL,NASY_APP,CH,2017,16615.0
442,A,EXT_EU27_2020,T,PER,TOTAL,NASY_APP,CY,2017,4475.0
443,A,EXT_EU27_2020,T,PER,TOTAL,NASY_APP,CZ,2017,1140.0
444,A,EXT_EU27_2020,T,PER,TOTAL,NASY_APP,DE,2017,198255.0
445,A,EXT_EU27_2020,T,PER,TOTAL,NASY_APP,DK,2017,3125.0
446,A,EXT_EU27_2020,T,PER,TOTAL,NASY_APP,EE,2017,180.0
447,A,EXT_EU27_2020,T,PER,TOTAL,NASY_APP,EL,2017,56940.0
448,A,EXT_EU27_2020,T,PER,TOTAL,NASY_APP,ES,2017,33035.0
450,A,EXT_EU27_2020,T,PER,TOTAL,NASY_APP,FI,2017,4330.0
451,A,EXT_EU27_2020,T,PER,TOTAL,NASY_APP,FR,2017,91965.0
452,A,EXT_EU27_2020,T,PER,TOTAL,NASY_APP,HR,2017,880.0
453,A,EXT_EU27_2020,T,PER,TOTAL,NASY_APP,HU,2017,3115.0
454,A,EXT_EU27_2020,T,PER,TOTAL,NASY_APP,IE,2017,2910.0
455,A,EXT_EU27_2020,T,PER,TOTAL,NASY_APP,IS,2017,1065.0
456,A,EXT_EU27_2020,T,PER,TOTAL,NASY_APP,IT,2017,126550.0
457,A,EXT_EU27_2020,T,PER,TOTAL,NASY_APP,LI,2017,145.0
458,A,EXT_EU27_2020,T,PER,TOTAL,NASY_APP,LT,2017,520.0
459,A,EXT_EU27_2020,T,PER,TOTAL,NASY_APP,LU,2017,2320.0
460,A,EXT_EU27_2020,T,PER,TOTAL,NASY_APP,LV,2017,355.0
461,A,EXT_EU27_2020,T,PER,TOTAL,NASY_APP,ME,2017,
462,A,EXT_EU27_2020,T,PER,TOTAL,NASY_APP,MT,2017,1610.0
463,A,EXT_EU27_2020,T,PER,TOTAL,NASY_APP,NL,2017,16090.0
464,A,EXT_EU27_2020,T,PER,TOTAL,NASY_APP,NO,2017,3350.0
465,A,EXT_EU27_2020,T,PER,TOTAL,NASY_APP,PL,2017,3005.0
466,A,EXT_EU27_2020,T,PER,TOTAL,NASY_APP,PT,2017,1015.0
467,A,EXT_EU27_2020,T,PER,TOTAL,NASY_APP,RO,2017,4700.0
468,A,EXT_EU27_2020,T,PER,TOTAL,NASY_APP,SE,2017,22190.0
469,A,EXT_EU27_2020,T,PER,TOTAL,NASY_APP,SI,2017,1435.0
470,A,EXT_EU27_2020,T,PER,TOTAL,NASY_APP,SK,2017,150.0
471,A,EXT_EU27_2020,T,PER,TOTAL,NASY_APP,UK,2017,34355.0
472,A,EXT_EU27_2020,T,PER,TOTAL,SSEQ,AT,2017,
473,A,EXT_EU27_2020,T,PER,TOTAL,SSEQ,BE,2017,
474,A,EXT_EU27_2020,T,PER,TOTAL,SSEQ,BG,2017,
475,A,EXT_EU27_2020,T,PER,TOTAL,SSEQ,CH,2017,
476,A,EXT_EU27_2020,T,PER,TOTAL,SSEQ,CY,2017,
477,A,EXT_EU27_2020,T,PER,TOTAL,SSEQ,CZ,2017,
478,A,EXT_EU27_2020,T,PER,TOTAL,SSEQ,DE,2017,
479,A,EXT_EU27_2020,T,PER,TOTAL,SSEQ,DK,2017,
480,A,EXT_EU27_2020,T,PER,TOTAL,SSEQ,EE,2017,
481,A,EXT_EU27_2020,T,PER,TOTAL,SSEQ,EL,2017,
482,A,EXT_EU27_2020,T,PER,TOTAL,SSEQ,ES,2017,
484,A,EXT_EU27_2020,T,PER,TOTAL,SSEQ,FI,2017,
485,A,EXT_EU27_2020,T,PER,TOTAL,SSEQ,FR,2017,
486,A,EXT_EU27_2020,T,PER,TOTAL,SSEQ,HR,2017,
487,A,EXT_EU27_2020,T,PER,TOTAL,SSEQ,HU,2017,
488,A,EXT_EU27_2020,T,PER,TOTAL,SSEQ,IE,2017,
489,A,EXT_EU27_2020,T,PER,TOTAL,SSEQ,IS,2017,
490,A,EXT_EU27_2020,T,PER,TOTAL,SSEQ,IT,2017,
491,A,EXT_EU27_2020,T,PER,TOTAL,SSEQ,LI,2017,
492,A,EXT_EU27_2020,T,PER,TOTAL,SSEQ,LT,2017,
493,A,EXT_EU27_2020,T,PER,TOTAL,SSEQ,LU,2017,
494,A,EXT_EU27_2020,T,PER,TOTAL,SSEQ,LV,2017,
495,A,EXT_EU27_2020,T,PER,TOTAL,SSEQ,ME,2017,
496,A,EXT_EU27_2020,T,PER,TOTAL,SSEQ,MT,2017,
497,A,EXT_EU27_2020,T,PER,TOTAL,SSEQ,NL,2017,
498,A,EXT_EU27_2020,T,PER,TOTAL,SSEQ,NO,2017,
499,A,EXT_EU27_2020,T,PER,TOTAL,SSEQ,PL,2017,
500,A,EXT_EU27_2020,T,PER,TOTAL,SSEQ,PT,2017,
501,A,EXT_EU27_2020,T,PER,TOTAL,SSEQ,RO,2017,
502,A,EXT_EU27_2020,T,PER,TOTAL,SSEQ,SE,2017,
503,A,EXT_EU27_2020,T,PER,TOTAL,SSEQ,SI,2017,
504,A,EXT_EU27_2020,T,PER,TOTAL,SSEQ,SK,2017,
505,A,EXT_EU27_2020,T,PER,TOTAL,ASY_APP,AT,2018,13710.0
506,A,EXT_EU27_2020,T,PER,TOTAL,ASY_APP,BE,2018,22530.0
507,A,EXT_EU27_2020,T,PER,TOTAL,ASY_APP,BG,2018,2535.0
508,A,EXT_EU27_2020,T,PER,TOTAL,ASY_APP,CH,2018,15160.0
509,A,EXT_EU27_2020,T,PER,TOTAL,ASY_APP,CY,2018,7765.0
510,A,EXT_EU27_2020,T,PER,TOTAL,ASY_APP,CZ,2018,1690.0
511,A,EXT_EU27_2020,T,PER,TOTAL,ASY_APP,DE,2018,184180.0
512,A,EXT_EU27_2020,T,PER,TOTAL,ASY_APP,DK,2018,3570.0
513,A,EXT_EU27_2020,T,PER,TOTAL,ASY_APP,EE,2018,95.0
514,A,EXT_EU27_2020,T,PER,TOTAL,ASY_APP,EL,2018,66965.0
515,A,EXT_EU27_2020,T,PER,TOTAL,ASY_APP,ES,2018,54050.0
517,A,EXT_EU27_2020,T,PER,TOTAL,ASY_APP,FI,2018,4500.0
518,A,EXT_EU27_2020,T,PER,TOTAL,ASY_APP,FR,2018,137665.0
519,A,EXT_EU27_2020,T,PER,TOTAL,ASY_APP,HR,2018,800.0
520,A,EXT_EU27_2020,T,PER,TOTAL,ASY_APP,HU,2018,670.0
521,A,EXT_EU27_2020,T,PER,TOTAL,ASY_APP,IE,2018,3670.0
522,A,EXT_EU27_2020,T,PER,TOTAL,ASY_APP,IS,2018,775.0
523,A,EXT_EU27_2020,T,PER,TOTAL,ASY_APP,IT,2018,59950.0
524,A,EXT_EU27_2020,T,PER,TOTAL,ASY_APP,LI,2018,165.0
525,A,EXT_EU27_2020,T,PER,TOTAL,ASY_APP,LT,2018,405.0
526,A,EXT_EU27_2020,T,PER,TOTAL,ASY_APP,LU,2018,2335.0
527,A,EXT_EU27_2020,T,PER,TOTAL,ASY_APP,LV,2018,185.0
528,A,EXT_EU27_2020,T,PER,TOTAL,ASY_APP,ME,2018,3100.0
529,A,EXT_EU27_2020,T,PER,TOTAL,ASY_APP,MT,2018,2130.0
530,A,EXT_EU27_2020,T,PER,TOTAL,ASY_APP,NL,2018,24025.0
531,A,EXT_EU27_2020,T,PER,TOTAL,ASY_APP,NO,2018,2660.0
532,A,EXT_EU27_2020,T,PER,TOTAL,ASY_APP,PL,2018,4110.0
533,A,EXT_EU27_2020,T,PER,TOTAL,ASY_APP,PT,2018,1285.0
534,A,EXT_EU27_2020,T,PER,TOTAL,ASY_APP,RO,2018,2135.0
535,A,EXT_EU27_2020,T,PER,TOTAL,ASY_APP,SE,2018,28605.0
536,A,EXT_EU27_2020,T,PER,TOTAL,ASY_APP,SI,2018,2875.0
537,A,EXT_EU27_2020,T,PER,TOTAL,ASY_APP,SK,2018,175.0
538,A,EXT_EU27_2020,T,PER,TOTAL,ASY_APP,UK,2018,38840.0
539,A,EXT_EU27_2020,T,PER,TOTAL,NASY_APP,AT,2018,11580.0
540,A,EXT_EU27_2020,T,PER,TOTAL,NASY_APP,BE,2018,18130.0
541,A,EXT_EU27_2020,T,PER,TOTAL,NASY_APP,BG,2018,2465.0
542,A,EXT_EU27_2020,T,PER,TOTAL,NASY_APP,CH,2018,13465.0
543,A,EXT_EU27_2020,T,PER,TOTAL,NASY_APP,CY,2018,7610.0
544,A,EXT_EU27_2020,T,PER,TOTAL,NASY_APP,CZ,2018,1350.0
545,A,EXT_EU27_2020,T,PER,TOTAL,NASY_APP,DE,2018,161885.0
546,A,EXT_EU27_2020,T,PER,TOTAL,NASY_APP,DK,2018,3465.0
547,A,EXT_EU27_2020,T,PER,TOTAL,NASY_APP,EE,2018,90.0
548,A,EXT_EU27_2020,T,PER,TOTAL,NASY_APP,EL,2018,64975.0
549,A,EXT_EU27_2020,T,PER,TOTAL,NASY_APP,ES,2018,52730.0
551,A,EXT_EU27_2020,T,PER,TOTAL,NASY_APP,FI,2018,2950.0
552,A,EXT_EU27_2020,T,PER,TOTAL,NASY_APP,FR,2018,126580.0
553,A,EXT_EU27_2020,T,PER,TOTAL,NASY_APP,HR,2018,675.0
554,A,EXT_EU27_2020,T,PER,TOTAL,NASY_APP,HU,2018,635.0
555,A,EXT_EU27_2020,T,PER,TOTAL,NASY_APP,IE,2018,3655.0
556,A,EXT_EU27_2020,T,PER,TOTAL,NASY_APP,IS,2018,730.0
557,A,EXT_EU27_2020,T,PER,TOTAL,NASY_APP,IT,2018,53440.0
558,A,EXT_EU27_2020,T,PER,TOTAL,NASY_APP,LI,2018,145.0
559,A,EXT_EU27_2020,T,PER,TOTAL,NASY_APP,LT,2018,385.0
560,A,EXT_EU27_2020,T,PER,TOTAL,NASY_APP,LU,2018,2225.0
561,A,EXT_EU27_2020,T,PER,TOTAL,NASY_APP,LV,2018,175.0
562,A,EXT_EU27_2020,T,PER,TOTAL,NASY_APP,ME,2018,3100.0
563,A,EXT_EU27_2020,T,PER,TOTAL,NASY_APP,MT,2018,2035.0
564,A,EXT_EU27_2020,T,PER,TOTAL,NASY_APP,NL,2018,20465.0
565,A,EXT_EU27_2020,T,PER,TOTAL,NASY_APP,NO,2018,2530.0
566,A,EXT_EU27_2020,T,PER,TOTAL,NASY_APP,PL,2018,2405.0
567,A,EXT_EU27_2020,T,PER,TOTAL,NASY_APP,PT,2018,1240.0
568,A,EXT_EU27_2020,T,PER,TOTAL,NASY_APP,RO,2018,1945.0
569,A,EXT_EU27_2020,T,PER,TOTAL,NASY_APP,SE,2018,18635.0
570,A,EXT_EU27_2020,T,PER,TOTAL,NASY_APP,SI,2018,2800.0
571,A,EXT_EU27_2020,T,PER,TOTAL,NASY_APP,SK,2018,155.0
572,A,EXT_EU27_2020,T,PER,TOTAL,NASY_APP,UK,2018,38400.0
573,A,EXT_EU27_2020,T,PER,TOTAL,SSEQ,AT,2018,
574,A,EXT_EU27_2020,T,PER,TOTAL,SSEQ,BE,2018,
575,A,EXT_EU27_2020,T,PER,TOTAL,SSEQ,BG,2018,
576,A,EXT_EU27_2020,T,PER,TOTAL,SSEQ,CH,2018,
577,A,EXT_EU27_2020,T,PER,TOTAL,SSEQ,CY,2018,
578,A,EXT_EU27_2020,T,PER,TOTAL,SSEQ,CZ,2018,
579,A,EXT_EU27_2020,T,PER,TOTAL,SSEQ,DE,2018,
580,A,EXT_EU27_2020,T,PER,TOTAL,SSEQ,DK,2018,
581,A,EXT_EU27_2020,T,PER,TOTAL,SSEQ,EE,2018,
582,A,EXT_EU27_2020,T,PER,TOTAL,SSEQ,EL,2018,
583,A,EXT_EU27_2020,T,PER,TOTAL,SSEQ,ES,2018,
585,A,EXT_EU27_2020,T,PER,TOTAL,SSEQ,FI,2018,
586,A,EXT_EU27_2020,T,PER,TOTAL,SSEQ,FR,2018,
587,A,EXT_EU27_2020,T,PER,TOTAL,SSEQ,HR,2018,
588,A,EXT_EU27_2020,T,PER,TOTAL,SSEQ,HU,2018,
589,A,EXT_EU27_2020,T,PER,TOTAL,SSEQ,IE,2018,
590,A,EXT_EU27_2020,T,PER,TOTAL,SSEQ,IS,2018,
591,A,EXT_EU27_2020,T,PER,TOTAL,SSEQ,IT,2018,
592,A,EXT_EU27_2020,T,PER,TOTAL,SSEQ,LI,2018,
593,A,EXT_EU27_2020,T,PER,TOTAL,SSEQ,LT,2018,
594,A,EXT_EU27_2020,T,PER,TOTAL,SSEQ,LU,2018,
595,A,EXT_EU27_2020,T,PER,TOTAL,SSEQ,LV,2018,
596,A,EXT_EU27_2020,T,PER,TOTAL,SSEQ,ME,2018,
597,A,EXT_EU27_2020,T,PER,TOTAL,SSEQ,MT,2018,
598,A,EXT_EU27_2020,T,PER,TOTAL,SSEQ,NL,2018,
599,A,EXT_EU27_2020,T,PER,TOTAL,SSEQ,NO,2018,
600,A,EXT_EU27_2020,T,PER,TOTAL,SSEQ,PL,2018,
601,A,EXT_EU27_2020,T,PER,TOTAL,SSEQ,PT,2018,
602,A,EXT_EU27_2020,T,PER,TOTAL,SSEQ,RO,2018,
603,A,EXT_EU27_2020,T,PER,TOTAL,SSEQ,SE,2018,
604,A,EXT_EU27_2020,T,PER,TOTAL,SSEQ,SI,2018,
605,A,EXT_EU27_2020,T,PER,TOTAL,SSEQ,SK,2018,
606,A,EXT_EU27_2020,T,PER,TOTAL,ASY_APP,AT,2019,12860.0
607,A,EXT_EU27_2020,T,PER,TOTAL,ASY_APP,BE,2019,27460.0
608,A,EXT_EU27_2020,T,PER,TOTAL,ASY_APP,BG,2019,2150.0
609,A,EXT_EU27_2020,T,PER,TOTAL,ASY_APP,CH,2019,14195.0
610,A,EXT_EU27_2020,T,PER,TOTAL,ASY_APP,CY,2019,13650.0
611,A,EXT_EU27_2020,T,PER,TOTAL,ASY_APP,CZ,2019,1915.0
612,A,EXT_EU27_2020,T,PER,TOTAL,ASY_APP,DE,2019,165615.0
613,A,EXT_EU27_2020,T,PER,TOTAL,ASY_APP,DK,2019,2700.0
614,A,EXT_EU27_2020,T,PER,TOTAL,ASY_APP,EE,2019,105.0
615,A,EXT_EU27_2020,T,PER,TOTAL,ASY_APP,EL,2019,77275.0
616,A,EXT_EU27_2020,T,PER,TOTAL,ASY_APP,ES,2019,117800.0
618,A,EXT_EU27_2020,T,PER,TOTAL,ASY_APP,FI,2019,4520.0
619,A,EXT_EU27_2020,T,PER,TOTAL,ASY_APP,FR,2019,151070.0
620,A,EXT_EU27_2020,T,PER,TOTAL,ASY_APP,HR,2019,1400.0
621,A,EXT_EU27_2020,T,PER,TOTAL,ASY_APP,HU,2019,500.0
622,A,EXT_EU27_2020,T,PER,TOTAL,ASY_APP,IE,2019,4780.0
623,A,EXT_EU27_2020,T,PER,TOTAL,ASY_APP,IS,2019,845.0
624,A,EXT_EU27_2020,T,PER,TOTAL,ASY_APP,IT,2019,43770.0
625,A,EXT_EU27_2020,T,PER,TOTAL,ASY_APP,LI,2019,50.0
626,A,EXT_EU27_2020,T,PER,TOTAL,ASY_APP,LT,2019,645.0
627,A,EXT_EU27_2020,T,PER,TOTAL,ASY_APP,LU,2019,2270.0
628,A,EXT_EU27_2020,T,PER,TOTAL,ASY_APP,LV,2019,195.0
629,A,EXT_EU27_2020,T,PER,TOTAL,ASY_APP,ME,2019,1920.0
630,A,EXT_EU27_2020,T,PER,TOTAL,ASY_APP,MT,2019,4090.0
631,A,EXT_EU27_2020,T,PER,TOTAL,ASY_APP,NL,2019,25200.0
632,A,EXT_EU27_2020,T,PER,TOTAL,ASY_APP,NO,2019,2265.0
633,A,EXT_EU27_2020,T,PER,TOTAL,ASY_APP,PL,2019,4070.0
634,A,EXT_EU27_2020,T,PER,TOTAL,ASY_APP,PT,2019,1820.0
635,A,EXT_EU27_2020,T,PER,TOTAL,ASY_APP,RO,2019,2590.0
636,A,EXT_EU27_2020,T,PER,TOTAL,ASY_APP,SE,2019,30325.0
637,A,EXT_EU27_2020,T,PER,TOTAL,ASY_APP,SI,2019,3820.0
638,A,EXT_EU27_2020,T,PER,TOTAL,ASY_APP,SK,2019,230.0
639,A,EXT_EU27_2020,T,PER,TOTAL,ASY_APP,UK,2019,46055.0
640,A,EXT_EU27_2020,T,PER,TOTAL,NASY_APP,AT,2019,10985.0
641,A,EXT_EU27_2020,T,PER,TOTAL,NASY_APP,BE,2019,23105.0
642,A,EXT_EU27_2020,T,PER,TOTAL,NASY_APP,BG,2019,2075.0
643,A,EXT_EU27_2020,T,PER,TOTAL,NASY_APP,CH,2019,12545.0
644,A,EXT_EU27_2020,T,PER,TOTAL,NASY_APP,CY,2019,12695.0
645,A,EXT_EU27_2020,T,PER,TOTAL,NASY_APP,CZ,2019,1570.0
646,A,EXT_EU27_2020,T,PER,TOTAL,NASY_APP,DE,2019,142450.0
647,A,EXT_EU27_2020,T,PER,TOTAL,NASY_APP,DK,2019,2605.0
648,A,EXT_EU27_2020,T,PER,TOTAL,NASY_APP,EE,2019,100.0
649,A,EXT_EU27_2020,T,PER,TOTAL,NASY_APP,EL,2019,74910.0
650,A,EXT_EU27_2020,T,PER,TOTAL,NASY_APP,ES,2019,115175.0
652,A,EXT_EU27_2020,T,PER,TOTAL,NASY_APP,FI,2019,2445.0
653,A,EXT_EU27_2020,T,PER,TOTAL,NASY_APP,FR,2019,138290.0
654,A,EXT_EU27_2020,T,PER,TOTAL,NASY_APP,HR,2019,1265.0
655,A,EXT_EU27_2020,T,PER,TOTAL,NASY_APP,HU,2019,465.0
656,A,EXT_EU27_2020,T,PER,TOTAL,NASY_APP,IE,2019,4740.0
657,A,EXT_EU27_2020,T,PER,TOTAL,NASY_APP,IS,2019,805.0
658,A,EXT_EU27_2020,T,PER,TOTAL,NASY_APP,IT,2019,35005.0
659,A,EXT_EU27_2020,T,PER,TOTAL,NASY_APP,LI,2019,40.0
660,A,EXT_EU27_2020,T,PER,TOTAL,NASY_APP,LT,2019,625.0
661,A,EXT_EU27_2020,T,PER,TOTAL,NASY_APP,LU,2019,2200.0
662,A,EXT_EU27_2020,T,PER,TOTAL,NASY_APP,LV,2019,180.0
663,A,EXT_EU27_2020,T,PER,TOTAL,NASY_APP,ME,2019,1920.0
664,A,EXT_EU27_2020,T,PER,TOTAL,NASY_APP,MT,2019,4015.0
665,A,EXT_EU27_2020,T,PER,TOTAL,NASY_APP,NL,2019,22485.0
666,A,EXT_EU27_2020,T,PER,TOTAL,NASY_APP,NO,2019,2165.0
667,A,EXT_EU27_2020,T,PER,TOTAL,NASY_APP,PL,2019,2765.0
668,A,EXT_EU27_2020,T,PER,TOTAL,NASY_APP,PT,2019,1735.0
669,A,EXT_EU27_2020,T,PER,TOTAL,NASY_APP,RO,2019,2455.0
670,A,EXT_EU27_2020,T,PER,TOTAL,NASY_APP,SE,2019,20770.0
671,A,EXT_EU27_2020,T,PER,TOTAL,NASY_APP,SI,2019,3615.0
672,A,EXT_EU27_2020,T,PER,TOTAL,NASY_APP,SK,2019,215.0
673,A,EXT_EU27_2020,T,PER,TOTAL,NASY_APP,UK,2019,44250.0
674,A,EXT_EU27_2020,T,PER,TOTAL,SSEQ,AT,2019,
675,A,EXT_EU27_2020,T,PER,TOTAL,SSEQ,BE,2019,
676,A,EXT_EU27_2020,T,PER,TOTAL,SSEQ,BG,2019,
677,A,EXT_EU27_2020,T,PER,TOTAL,SSEQ,CH,2019,
678,A,EXT_EU27_2020,T,PER,TOTAL,SSEQ,CY,2019,
679,A,EXT_EU27_2020,T,PER,TOTAL,SSEQ,CZ,2019,
680,A,EXT_EU27_2020,T,PER,TOTAL,SSEQ,DE,2019,
681,A,EXT_EU27_2020,T,PER,TOTAL,SSEQ,DK,2019,
682,A,EXT_EU27_2020,T,PER,TOTAL,SSEQ,EE,2019,
683,A,EXT_EU27_2020,T,PER,TOTAL,SSEQ,EL,2019,
684,A,EXT_EU27_2020,T,PER,TOTAL,SSEQ,ES,2019,
686,A,EXT_EU27_2020,T,PER,TOTAL,SSEQ,FI,2019,
687,A,EXT_EU27_2020,T,PER,TOTAL,SSEQ,FR,2019,
688,A,EXT_EU27_2020,T,PER,TOTAL,SSEQ,HR,2019,
689,A,EXT_EU27_2020,T,PER,TOTAL,SSEQ,HU,2019,
690,A,EXT_EU27_2020,T,PER,TOTAL,SSEQ,IE,2019,
691,A,EXT_EU27_2020,T,PER,TOTAL,SSEQ,IS,2019,
692,A,EXT_EU27_2020,T,PER,TOTAL,SSEQ,IT,2019,
693,A,EXT_EU27_2020,T,PER,TOTAL,SSEQ,LI,2019,
694,A,EXT_EU27_2020,T,PER,TOTAL,SSEQ,LT,2019,
695,A,EXT_EU27_2020,T,PER,TOTAL,SSEQ,LU,2019,
696,A,EXT_EU27_2020,T,PER,TOTAL,SSEQ,LV,2019,
697,A,EXT_EU27_2020,T,PER,TOTAL,SSEQ,ME,2019,
698,A,EXT_EU27_2020,T,PER,TOTAL,SSEQ,MT,2019,
699,A,EXT_EU27_2020,T,PER,TOTAL,SSEQ,NL,2019,
700,A,EXT_EU27_2020,T,PER,TOTAL,SSEQ,NO,2019,
701,A,EXT_EU27_2020,T,PER,TOTAL,SSEQ,PL,2019,
702,A,EXT_EU27_2020,T,PER,TOTAL,SSEQ,PT,2019,
703,A,EXT_EU27_2020,T,PER,TOTAL,SSEQ,RO,2019,
704,A,EXT_EU27_2020,T,PER,TOTAL,SSEQ,SE,2019,
705,A,EXT_EU27_2020,T,PER,TOTAL,SSEQ,SI,2019,
706,A,EXT_EU27_2020,T,PER,TOTAL,SSEQ,SK,2019,
707,A,EXT_EU27_2020,T,PER,TOTAL,ASY_APP,AT,2020,14760.0
708,A,EXT_EU27_2020,T,PER,TOTAL,ASY_APP,BE,2020,16710.0
709,A,EXT_EU27_2020,T,PER,TOTAL,ASY_APP,BG,2020,3525.0
710,A,EXT_EU27_2020,T,PER,TOTAL,ASY_APP,CH,2020,10990.0
711,A,EXT_EU27_2020,T,PER,TOTAL,ASY_APP,CY,2020,7495.0
712,A,EXT_EU27_2020,T,PER,TOTAL,ASY_APP,CZ,2020,1160.0
713,A,EXT_EU27_2020,T,PER,TOTAL,ASY_APP,DE,2020,121955.0
714,A,EXT_EU27_2020,T,PER,TOTAL,ASY_APP,DK,2020,1475.0
715,A,EXT_EU27_2020,T,PER,TOTAL,ASY_APP,EE,2020,50.0
716,A,EXT_EU27_2020,T,PER,TOTAL,ASY_APP,EL,2020,40560.0
717,A,EXT_EU27_2020,T,PER,TOTAL,ASY_APP,ES,2020,88530.0
719,A,EXT_EU27_2020,T,PER,TOTAL,ASY_APP,FI,2020,3190.0
720,A,EXT_EU27_2020,T,PER,TOTAL,ASY_APP,FR,2020,93200.0
721,A,EXT_EU27_2020,T,PER,TOTAL,ASY_APP,HR,2020,1605.0
722,A,EXT_EU27_2020,T,PER,TOTAL,ASY_APP,HU,2020,115.0
723,A,EXT_EU27_2020,T,PER,TOTAL,ASY_APP,IE,2020,1565.0
724,A,EXT_EU27_2020,T,PER,TOTAL,ASY_APP,IS,2020,640.0
725,A,EXT_EU27_2020,T,PER,TOTAL,ASY_APP,IT,2020,26940.0
726,A,EXT_EU27_2020,T,PER,TOTAL,ASY_APP,LI,2020,35.0
727,A,EXT_EU27_2020,T,PER,TOTAL,ASY_APP,LT,2020,315.0
728,A,EXT_EU27_2020,T,PER,TOTAL,ASY_APP,LU,2020,1345.0
729,A,EXT_EU27_2020,T,PER,TOTAL,ASY_APP,LV,2020,180.0
730,A,EXT_EU27_2020,T,PER,TOTAL,ASY_APP,ME,2020,540.0
731,A,EXT_EU27_2020,T,PER,TOTAL,ASY_APP,MT,2020,2480.0
732,A,EXT_EU27_2020,T,PER,TOTAL,ASY_APP,NL,2020,15255.0
733,A,EXT_EU27_2020,T,PER,TOTAL,ASY_APP,NO,2020,1375.0
734,A,EXT_EU27_2020,T,PER,TOTAL,ASY_APP,PL,2020,2785.0
735,A,EXT_EU27_2020,T,PER,TOTAL,ASY_APP,PT,2020,1000.0
736,A,EXT_EU27_2020,T,PER,TOTAL,ASY_APP,RO,2020,6155.0
737,A,EXT_EU27_2020,T,PER,TOTAL,ASY_APP,SE,2020,20195.0
738,A,EXT_EU27_2020,T,PER,TOTAL,ASY_APP,SI,2020,3550.0
739,A,EXT_EU27_2020,T,PER,TOTAL,ASY_APP,SK,2020,280.0
740,A,EXT_EU27_2020,T,PER,TOTAL,ASY_APP,UK,2020,
741,A,EXT_EU27_2020,T,PER,TOTAL,NASY_APP,AT,2020,13400.0
742,A,EXT_EU27_2020,T,PER,TOTAL,NASY_APP,BE,2020,12905.0
743,A,EXT_EU27_2020,T,PER,TOTAL,NASY_APP,BG,2020,3460.0
744,A,EXT_EU27_2020,T,PER,TOTAL,NASY_APP,CH,2020,9725.0
745,A,EXT_EU27_2020,T,PER,TOTAL,NASY_APP,CY,2020,7065.0
746,A,EXT_EU27_2020,T,PER,TOTAL,NASY_APP,CZ,2020,790.0
747,A,EXT_EU27_2020,T,PER,TOTAL,NASY_APP,DE,2020,102525.0
748,A,EXT_EU27_2020,T,PER,TOTAL,NASY_APP,DK,2020,1420.0
749,A,EXT_EU27_2020,T,PER,TOTAL,NASY_APP,EE,2020,45.0
750,A,EXT_EU27_2020,T,PER,TOTAL,NASY_APP,EL,2020,37860.0
751,A,EXT_EU27_2020,T,PER,TOTAL,NASY_APP,ES,2020,86380.0
753,A,EXT_EU27_2020,T,PER,TOTAL,NASY_APP,FI,2020,1445.0
754,A,EXT_EU27_2020,T,PER,TOTAL,NASY_APP,FR,2020,81735.0
755,A,EXT_EU27_2020,T,PER,TOTAL,NASY_APP,HR,2020,1540.0
756,A,EXT_EU27_2020,T,PER,TOTAL,NASY_APP,HU,2020,90.0
757,A,EXT_EU27_2020,T,PER,TOTAL,NASY_APP,IE,2020,1535.0
758,A,EXT_EU27_2020,T,PER,TOTAL,NASY_APP,IS,2020,625.0
759,A,EXT_EU27_2020,T,PER,TOTAL,NASY_APP,IT,2020,21330.0
760,A,EXT_EU27_2020,T,PER,TOTAL,NASY_APP,LI,2020,25.0
761,A,EXT_EU27_2020,T,PER,TOTAL,NASY_APP,LT,2020,260.0
762,A,EXT_EU27_2020,T,PER,TOTAL,NASY_APP,LU,2020,1295.0
763,A,EXT_EU27_2020,T,PER,TOTAL,NASY_APP,LV,2020,145.0
764,A,EXT_EU27_2020,T,PER,TOTAL,NASY_APP,ME,2020,540.0
765,A,EXT_EU27_2020,T,PER,TOTAL,NASY_APP,MT,2020,2410.0
766,A,EXT_EU27_2020,T,PER,TOTAL,NASY_APP,NL,2020,13660.0
767,A,EXT_EU27_2020,T,PER,TOTAL,NASY_APP,NO,2020,1325.0
768,A,EXT_EU27_2020,T,PER,TOTAL,NASY_APP,PL,2020,1510.0
769,A,EXT_EU27_2020,T,PER,TOTAL,NASY_APP,PT,2020,900.0
770,A,EXT_EU27_2020,T,PER,TOTAL,NASY_APP,RO,2020,6025.0
771,A,EXT_EU27_2020,T,PER,TOTAL,NASY_APP,SE,2020,11765.0
772,A,EXT_EU27_2020,T,PER,TOTAL,NASY_APP,SI,2020,3465.0
773,A,EXT_EU27_2020,T,PER,TOTAL,NASY_APP,SK,2020,265.0
774,A,EXT_EU27_2020,T,PER,TOTAL,NASY_APP,UK,2020,
775,A,EXT_EU27_2020,T,PER,TOTAL,SSEQ,AT,2020,
776,A,EXT_EU27_2020,T,PER,TOTAL,SSEQ,BE,2020,
777,A,EXT_EU27_2020,T,PER,TOTAL,SSEQ,BG,2020,
778,A,EXT_EU27_2020,T,PER,TOTAL,SSEQ,CH,2020,
779,A,EXT_EU27_2020,T,PER,TOTAL,SSEQ,CY,2020,
780,A,EXT_EU27_2020,T,PER,TOTAL,SSEQ,CZ,2020,
781,A,EXT_EU27_2020,T,PER,TOTAL,SSEQ,DE,2020,
782,A,EXT_EU27_2020,T,PER,TOTAL,SSEQ,DK,2020,
783,A,EXT_EU27_2020,T,PER,TOTAL,SSEQ,EE,2020,
784,A,EXT_EU27_2020,T,PER,TOTAL,SSEQ,EL,2020,
785,A,EXT_EU27_2020,T,PER,TOTAL,SSEQ,ES,2020,
787,A,EXT_EU27_2020,T,PER,TOTAL,SSEQ,FI,2020,
788,A,EXT_EU27_2020,T,PER,TOTAL,SSEQ,FR,2020,
789,A,EXT_EU27_2020,T,PER,TOTAL,SSEQ,HR,2020,
790,A,EXT_EU27_2020,T,PER,TOTAL,SSEQ,HU,2020,
791,A,EXT_EU27_2020,T,PER,TOTAL,SSEQ,IE,2020,
792,A,EXT_EU27_2020,T,PER,TOTAL,SSEQ,IS,2020,
793,A,EXT_EU27_2020,T,PER,TOTAL,SSEQ,IT,2020,
794,A,EXT_EU27_2020,T,PER,TOTAL,SSEQ,LI,2020,
795,A,EXT_EU27_2020,T,PER,TOTAL,SSEQ,LT,2020,
796,A,EXT_EU27_2020,T,PER,TOTAL,SSEQ,LU,2020,
797,A,EXT_EU27_2020,T,PER,TOTAL,SSEQ,LV,2020,
798,A,EXT_EU27_2020,T,PER,TOTAL,SSEQ,ME,2020,
799,A,EXT_EU27_2020,T,PER,TOTAL,SSEQ,MT,2020,
800,A,EXT_EU27_2020,T,PER,TOTAL,SSEQ,NL,2020,
801,A,EXT_EU27_2020,T,PER,TOTAL,SSEQ,NO,2020,
802,A,EXT_EU27_2020,T,PER,TOTAL,SSEQ,PL,2020,
803,A,EXT_EU27_2020,T,PER,TOTAL,SSEQ,PT,2020,
804,A,EXT_EU27_2020,T,PER,TOTAL,SSEQ,RO,2020,
805,A,EXT_EU27_2020,T,PER,TOTAL,SSEQ,SE,2020,
806,A,EXT_EU27_2020,T,PER,TOTAL,SSEQ,SI,2020,
807,A,EXT_EU27_2020,T,PER,TOTAL,SSEQ,SK,2020,
808,A,EXT_EU27_2020,T,PER,TOTAL,ASY_APP,AT,2021,39900.0
809,A,EXT_EU27_2020,T,PER,TOTAL,ASY_APP,BE,2021,24970.0
810,A,EXT_EU27_2020,T,PER,TOTAL,ASY_APP,BG,2021,11000.0
811,A,EXT_EU27_2020,T,PER,TOTAL,ASY_APP,CH,2021,14850.0
812,A,EXT_EU27_2020,T,PER,TOTAL,ASY_APP,CY,2021,13670.0
813,A,EXT_EU27_2020,T,PER,TOTAL,ASY_APP,CZ,2021,1405.0
814,A,EXT_EU27_2020,T,PER,TOTAL,ASY_APP,DE,2021,190545.0
815,A,EXT_EU27_2020,T,PER,TOTAL,ASY_APP,DK,2021,2080.0
816,A,EXT_EU27_2020,T,PER,TOTAL,ASY_APP,EE,2021,80.0
817,A,EXT_EU27_2020,T,PER,TOTAL,ASY_APP,EL,2021,28355.0
818,A,EXT_EU27_2020,T,PER,TOTAL,ASY_APP,ES,2021,65295.0
820,A,EXT_EU27_2020,T,PER,TOTAL,ASY_APP,FI,2021,2525.0
821,A,EXT_EU27_2020,T,PER,TOTAL,ASY_APP,FR,2021,120685.0
822,A,EXT_EU27_2020,T,PER,TOTAL,ASY_APP,HR,2021,2550.0
823,A,EXT_EU27_2020,T,PER,TOTAL,ASY_APP,HU,2021,40.0
824,A,EXT_EU27_2020,T,PER,TOTAL,ASY_APP,IE,2021,2650.0
825,A,EXT_EU27_2020,T,PER,TOTAL,ASY_APP,IS,2021,870.0
826,A,EXT_EU27_2020,T,PER,TOTAL,ASY_APP,IT,2021,53610.0
827,A,EXT_EU27_2020,T,PER,TOTAL,ASY_APP,LI,2021,95.0
828,A,EXT_EU27_2020,T,PER,TOTAL,ASY_APP,LT,2021,3940.0
829,A,EXT_EU27_2020,T,PER,TOTAL,ASY_APP,LU,2021,1415.0
830,A,EXT_EU27_2020,T,PER,TOTAL,ASY_APP,LV,2021,615.0
831,A,EXT_EU27_2020,T,PER,TOTAL,ASY_APP,ME,2021,270.0
832,A,EXT_EU27_2020,T,PER,TOTAL,ASY_APP,MT,2021,1595.0
833,A,EXT_EU27_2020,T,PER,TOTAL,ASY_APP,NL,2021,26525.0
834,A,EXT_EU27_2020,T,PER,TOTAL,ASY_APP,NO,2021,1635.0
835,A,EXT_EU27_2020,T,PER,TOTAL,ASY_APP,PL,2021,7795.0
836,A,EXT_EU27_2020,T,PER,TOTAL,ASY_APP,PT,2021,1540.0
837,A,EXT_EU27_2020,T,PER,TOTAL,ASY_APP,RO,2021,9585.0
838,A,EXT_EU27_2020,T,PER,TOTAL,ASY_APP,SE,2021,20375.0
839,A,EXT_EU27_2020,T,PER,TOTAL,ASY_APP,SI,2021,5300.0
840,A,EXT_EU27_2020,T,PER,TOTAL,ASY_APP,SK,2021,370.0
841,A,EXT_EU27_2020,T,PER,TOTAL,ASY_APP,UK,2021,
842,A,EXT_EU27_2020,T,PER,TOTAL,NASY_APP,AT,2021,37800.0
843,A,EXT_EU27_2020,T,PER,TOTAL,NASY_APP,BE,2021,19545.0
844,A,EXT_EU27_2020,T,PER,TOTAL,NASY_APP,BG,2021,10890.0
845,A,EXT_EU27_2020,T,PER,TOTAL,NASY_APP,CH,2021,13240.0
846,A,EXT_EU27_2020,T,PER,TOTAL,NASY_APP,CY,2021,13260.0
847,A,EXT_EU27_2020,T,PER,TOTAL,NASY_APP,CZ,2021,1055.0
848,A,EXT_EU27_2020,T,PER,TOTAL,NASY_APP,DE,2021,148175.0
849,A,EXT_EU27_2020,T,PER,TOTAL,NASY_APP,DK,2021,1995.0
850,A,EXT_EU27_2020,T,PER,TOTAL,NASY_APP,EE,2021,75.0
851,A,EXT_EU27_2020,T,PER,TOTAL,NASY_APP,EL,2021,22660.0
852,A,EXT_EU27_2020,T,PER,TOTAL,NASY_APP,ES,2021,62050.0
854,A,EXT_EU27_2020,T,PER,TOTAL,NASY_APP,FI,2021,1355.0
855,A,EXT_EU27_2020,T,PER,TOTAL,NASY_APP,FR,2021,103790.0
856,A,EXT_EU27_2020,T,PER,TOTAL,NASY_APP,HR,2021,2480.0
857,A,EXT_EU27_2020,T,PER,TOTAL,NASY_APP,HU,2021,40.0
858,A,EXT_EU27_2020,T,PER,TOTAL,NASY_APP,IE,2021,2615.0
859,A,EXT_EU27_2020,T,PER,TOTAL,NASY_APP,IS,2021,865.0
860,A,EXT_EU27_2020,T,PER,TOTAL,NASY_APP,IT,2021,45200.0
861,A,EXT_EU27_2020,T,PER,TOTAL,NASY_APP,LI,2021,80.0
862,A,EXT_EU27_2020,T,PER,TOTAL,NASY_APP,LT,2021,3905.0
863,A,EXT_EU27_2020,T,PER,TOTAL,NASY_APP,LU,2021,1365.0
864,A,EXT_EU27_2020,T,PER,TOTAL,NASY_APP,LV,2021,580.0
865,A,EXT_EU27_2020,T,PER,TOTAL,NASY_APP,ME,2021,270.0
866,A,EXT_EU27_2020,T,PER,TOTAL,NASY_APP,MT,2021,1200.0
867,A,EXT_EU27_2020,T,PER,TOTAL,NASY_APP,NL,2021,24730.0
868,A,EXT_EU27_2020,T,PER,TOTAL,NASY_APP,NO,2021,1595.0
869,A,EXT_EU27_2020,T,PER,TOTAL,NASY_APP,PL,2021,6240.0
870,A,EXT_EU27_2020,T,PER,TOTAL,NASY_APP,PT,2021,1350.0
871,A,EXT_EU27_2020,T,PER,TOTAL,NASY_APP,RO,2021,9065.0
872,A,EXT_EU27_2020,T,PER,TOTAL,NASY_APP,SE,2021,9015.0
873,A,EXT_EU27_2020,T,PER,TOTAL,NASY_APP,SI,2021,5220.0
874,A,EXT_EU27_2020,T,PER,TOTAL,NASY_APP,SK,2021,330.0
875,A,EXT_EU27_2020,T,PER,TOTAL,NASY_APP,UK,2021,
876,A,EXT_EU27_2020,T,PER,TOTAL,SSEQ,AT,2021,2010.0
877,A,EXT_EU27_2020,T,PER,TOTAL,SSEQ,BE,2021,5425.0
878,A,EXT_EU27_2020,T,PER,TOTAL,SSEQ,BG,2021,100.0
879,A,EXT_EU27_2020,T,PER,TOTAL,SSEQ,CH,2021,1630.0
880,A,EXT_EU27_2020,T,PER,TOTAL,SSEQ,CY,2021,
881,A,EXT_EU27_2020,T,PER,TOTAL,SSEQ,CZ,2021,350.0
882,A,EXT_EU27_2020,T,PER,TOTAL,SSEQ,DE,2021,42450.0
883,A,EXT_EU27_2020,T,PER,TOTAL,SSEQ,DK,2021,
884,A,EXT_EU27_2020,T,PER,TOTAL,SSEQ,EE,2021,5.0
885,A,EXT_EU27_2020,T,PER,TOTAL,SSEQ,EL,2021,5695.0
886,A,EXT_EU27_2020,T,PER,TOTAL,SSEQ,ES,2021,3245.0
888,A,EXT_EU27_2020,T,PER,TOTAL,SSEQ,FI,2021,1155.0
889,A,EXT_EU27_2020,T,PER,TOTAL,SSEQ,FR,2021,16605.0
890,A,EXT_EU27_2020,T,PER,TOTAL,SSEQ,HR,2021,70.0
891,A,EXT_EU27_2020,T,PER,TOTAL,SSEQ,HU,2021,0.0
892,A,EXT_EU27_2020,T,PER,TOTAL,SSEQ,IE,2021,40.0
893,A,EXT_EU27_2020,T,PER,TOTAL,SSEQ,IS,2021,0.0
894,A,EXT_EU27_2020,T,PER,TOTAL,SSEQ,IT,2021,8410.0
895,A,EXT_EU27_2020,T,PER,TOTAL,SSEQ,LI,2021,0.0
896,A,EXT_EU27_2020,T,PER,TOTAL,SSEQ,LT,2021,45.0
897,A,EXT_EU27_2020,T,PER,TOTAL,SSEQ,LU,2021,45.0
898,A,EXT_EU27_2020,T,PER,TOTAL,SSEQ,LV,2021,35.0
899,A,EXT_EU27_2020,T,PER,TOTAL,SSEQ,ME,2021,0.0
900,A,EXT_EU27_2020,T,PER,TOTAL,SSEQ,MT,2021,40.0
901,A,EXT_EU27_2020,T,PER,TOTAL,SSEQ,NL,2021,1810.0
902,A,EXT_EU27_2020,T,PER,TOTAL,SSEQ,NO,2021,60.0
903,A,EXT_EU27_2020,T,PER,TOTAL,SSEQ,PL,2021,1560.0
904,A,EXT_EU27_2020,T,PER,TOTAL,SSEQ,PT,2021,5.0
905,A,EXT_EU27_2020,T,PER,TOTAL,SSEQ,RO,2021,515.0
906,A,EXT_EU27_2020,T,PER,TOTAL,SSEQ,SE,2021,7370.0
907,A,EXT_EU27_2020,T,PER,TOTAL,SSEQ,SI,2021,45.0
908,A,EXT_EU27_2020,T,PER,TOTAL,SSEQ,SK,2021,15.0
909,A,EXT_EU27_2020,T,PER,TOTAL,ASY_APP,AT,2022,112245.0
910,A,EXT_EU27_2020,T,PER,TOTAL,ASY_APP,BE,2022,36740.0
911,A,EXT_EU27_2020,T,PER,TOTAL,ASY_APP,BG,2022,20390.0
912,A,EXT_EU27_2020,T,PER,TOTAL,ASY_APP,CH,2022,24440.0
913,A,EXT_EU27_2020,T,PER,TOTAL,ASY_APP,CY,2022,22190.0
914,A,EXT_EU27_2020,T,PER,TOTAL,ASY_APP,CZ,2022,1685.0
915,A,EXT_EU27_2020,T,PER,TOTAL,ASY_APP,DE,2022,243835.0
916,A,EXT_EU27_2020,T,PER,TOTAL,ASY_APP,DK,2022,4565.0
917,A,EXT_EU27_2020,T,PER,TOTAL,ASY_APP,EE,2022,2945.0
918,A,EXT_EU27_2020,T,PER,TOTAL,ASY_APP,EL,2022,37375.0
919,A,EXT_EU27_2020,T,PER,TOTAL,ASY_APP,ES,2022,117945.0
921,A,EXT_EU27_2020,T,PER,TOTAL,ASY_APP,FI,2022,5780.0
922,A,EXT_EU27_2020,T,PER,TOTAL,ASY_APP,FR,2022,156455.0
923,A,EXT_EU27_2020,T,PER,TOTAL,ASY_APP,HR,2022,2730.0
924,A,EXT_EU27_2020,T,PER,TOTAL,ASY_APP,HU,2022,45.0
925,A,EXT_EU27_2020,T,PER,TOTAL,ASY_APP,IE,2022,13660.0
926,A,EXT_EU27_2020,T,PER,TOTAL,ASY_APP,IS,2022,4550.0
927,A,EXT_EU27_2020,T,PER,TOTAL,ASY_APP,IT,2022,84290.0
928,A,EXT_EU27_2020,T,PER,TOTAL,ASY_APP,LI,2022,80.0
929,A,EXT_EU27_2020,T,PER,TOTAL,ASY_APP,LT,2022,1025.0
930,A,EXT_EU27_2020,T,PER,TOTAL,ASY_APP,LU,2022,2460.0
931,A,EXT_EU27_2020,T,PER,TOTAL,ASY_APP,LV,2022,620.0
932,A,EXT_EU27_2020,T,PER,TOTAL,ASY_APP,ME,2022,175.0
933,A,EXT_EU27_2020,T,PER,TOTAL,ASY_APP,MT,2022,1320.0
934,A,EXT_EU27_2020,T,PER,TOTAL,ASY_APP,NL,2022,37025.0
935,A,EXT_EU27_2020,T,PER,TOTAL,ASY_APP,NO,2022,4840.0
936,A,EXT_EU27_2020,T,PER,TOTAL,ASY_APP,PL,2022,9810.0
937,A,EXT_EU27_2020,T,PER,TOTAL,ASY_APP,PT,2022,2115.0
938,A,EXT_EU27_2020,T,PER,TOTAL,ASY_APP,RO,2022,12355.0
939,A,EXT_EU27_2020,T,PER,TOTAL,ASY_APP,SE,2022,23805.0
940,A,EXT_EU27_2020,T,PER,TOTAL,ASY_APP,SI,2022,6785.0
941,A,EXT_EU27_2020,T,PER,TOTAL,ASY_APP,SK,2022,545.0
942,A,EXT_EU27_2020,T,PER,TOTAL,ASY_APP,UK,2022,
943,A,EXT_EU27_2020,T,PER,TOTAL,NASY_APP,AT,2022,109775.0
944,A,EXT_EU27_2020,T,PER,TOTAL,NASY_APP,BE,2022,32100.0
945,A,EXT_EU27_2020,T,PER,TOTAL,NASY_APP,BG,2022,20260.0
946,A,EXT_EU27_2020,T,PER,TOTAL,NASY_APP,CH,2022,23075.0
947,A,EXT_EU27_2020,T,PER,TOTAL,NASY_APP,CY,2022,21590.0
948,A,EXT_EU27_2020,T,PER,TOTAL,NASY_APP,CZ,2022,1335.0
949,A,EXT_EU27_2020,T,PER,TOTAL,NASY_APP,DE,2022,217735.0
950,A,EXT_EU27_2020,T,PER,TOTAL,NASY_APP,DK,2022,4475.0
951,A,EXT_EU27_2020,T,PER,TOTAL,NASY_APP,EE,2022,2940.0
952,A,EXT_EU27_2020,T,PER,TOTAL,NASY_APP,EL,2022,29125.0
953,A,EXT_EU27_2020,T,PER,TOTAL,NASY_APP,ES,2022,116135.0
955,A,EXT_EU27_2020,T,PER,TOTAL,NASY_APP,FI,2022,4815.0
956,A,EXT_EU27_2020,T,PER,TOTAL,NASY_APP,FR,2022,137510.0
957,A,EXT_EU27_2020,T,PER,TOTAL,NASY_APP,HR,2022,2660.0
958,A,EXT_EU27_2020,T,PER,TOTAL,NASY_APP,HU,2022,45.0
959,A,EXT_EU27_2020,T,PER,TOTAL,NASY_APP,IE,2022,13645.0
960,A,EXT_EU27_2020,T,PER,TOTAL,NASY_APP,IS,2022,4530.0
961,A,EXT_EU27_2020,T,PER,TOTAL,NASY_APP,IT,2022,77200.0
962,A,EXT_EU27_2020,T,PER,TOTAL,NASY_APP,LI,2022,70.0
963,A,EXT_EU27_2020,T,PER,TOTAL,NASY_APP,LT,2022,905.0
964,A,EXT_EU27_2020,T,PER,TOTAL,NASY_APP,LU,2022,2405.0
965,A,EXT_EU27_2020,T,PER,TOTAL,NASY_APP,LV,2022,545.0
966,A,EXT_EU27_2020,T,PER,TOTAL,NASY_APP,ME,2022,175.0
967,A,EXT_EU27_2020,T,PER,TOTAL,NASY_APP,MT,2022,915.0
968,A,EXT_EU27_2020,T,PER,TOTAL,NASY_APP,NL,2022,35500.0
969,A,EXT_EU27_2020,T,PER,TOTAL,NASY_APP,NO,2022,4650.0
970,A,EXT_EU27_2020,T,PER,TOTAL,NASY_APP,PL,2022,7700.0
971,A,EXT_EU27_2020,T,PER,TOTAL,NASY_APP,PT,2022,1975.0
972,A,EXT_EU27_2020,T,PER,TOTAL,NASY_APP,RO,2022,12065.0
973,A,EXT_EU27_2020,T,PER,TOTAL,NASY_APP,SE,2022,13180.0
974,A,EXT_EU27_2020,T,PER,TOTAL,NASY_APP,SI,2022,6645.0
975,A,EXT_EU27_2020,T,PER,TOTAL,NASY_APP,SK,2022,500.0
976,A,EXT_EU27_2020,T,PER,TOTAL,NASY_APP,UK,2022,
977,A,EXT_EU27_2020,T,PER,TOTAL,SSEQ,AT,2022,2470.0
978,A,EXT_EU27_2020,T,PER,TOTAL,SSEQ,BE,2022,4640.0
979,A,EXT_EU27_2020,T,PER,TOTAL,SSEQ,BG,2022,125.0
980,A,EXT_EU27_2020,T,PER,TOTAL,SSEQ,CH,2022,1380.0
981,A,EXT_EU27_2020,T,PER,TOTAL,SSEQ,CY,2022,
982,A,EXT_EU27_2020,T,PER,TOTAL,SSEQ,CZ,2022,350.0
983,A,EXT_EU27_2020,T,PER,TOTAL,SSEQ,DE,2022,26200.0
984,A,EXT_EU27_2020,T,PER,TOTAL,SSEQ,DK,2022,
985,A,EXT_EU27_2020,T,PER,TOTAL,SSEQ,EE,2022,0.0
986,A,EXT_EU27_2020,T,PER,TOTAL,SSEQ,EL,2022,8245.0
987,A,EXT_EU27_2020,T,PER,TOTAL,SSEQ,ES,2022,1805.0
989,A,EXT_EU27_2020,T,PER,TOTAL,SSEQ,FI,2022,955.0
990,A,EXT_EU27_2020,T,PER,TOTAL,SSEQ,FR,2022,18590.0
991,A,EXT_EU27_2020,T,PER,TOTAL,SSEQ,HR,2022,65.0
992,A,EXT_EU27_2020,T,PER,TOTAL,SSEQ,HU,2022,0.0
993,A,EXT_EU27_2020,T,PER,TOTAL,SSEQ,IE,2022,10.0
994,A,EXT_EU27_2020,T,PER,TOTAL,SSEQ,IS,2022,0.0
995,A,EXT_EU27_2020,T,PER,TOTAL,SSEQ,IT,2022,7090.0
996,A,EXT_EU27_2020,T,PER,TOTAL,SSEQ,LI,2022,0.0
997,A,EXT_EU27_2020,T,PER,TOTAL,SSEQ,LT,2022,120.0
998,A,EXT_EU27_2020,T,PER,TOTAL,SSEQ,LU,2022,50.0
999,A,EXT_EU27_2020,T,PER,TOTAL,SSEQ,LV,2022,75.0
1000,A,EXT_EU27_2020,T,PER,TOTAL,SSEQ,ME,2022,0.0
1001,A,EXT_EU27_2020,T,PER,TOTAL,SSEQ,MT,2022,50.0
1002,A,EXT_EU27_2020,T,PER,TOTAL,SSEQ,NL,2022,1525.0
1003,A,EXT_EU27_2020,T,PER,TOTAL,SSEQ,NO,2022,55.0
1004,A,EXT_EU27_2020,T,PER,TOTAL,SSEQ,PL,2022,2110.0
1005,A,EXT_EU27_2020,T,PER,TOTAL,SSEQ,PT,2022,15.0
1006,A,EXT_EU27_2020,T,PER,TOTAL,SSEQ,RO,2022,285.0
1007,A,EXT_EU27_2020,T,PER,TOTAL,SSEQ,SE,2022,5865.0
1008,A,EXT_EU27_2020,T,PER,TOTAL,SSEQ,SI,2022,35.0
1009,A,EXT_EU27_2020,T,PER,TOTAL,SSEQ,SK,2022,20.0
1010,A,EXT_EU27_2020,T,PER,TOTAL,ASY_APP,AT,2023,59210.0
1011,A,EXT_EU27_2020,T,PER,TOTAL,ASY_APP,BE,2023,35160.0
1012,A,EXT_EU27_2020,T,PER,TOTAL,ASY_APP,BG,2023,22510.0
1013,A,EXT_EU27_2020,T,PER,TOTAL,ASY_APP,CH,2023,30110.0
1014,A,EXT_EU27_2020,T,PER,TOTAL,ASY_APP,CY,2023,11910.0
1015,A,EXT_EU27_2020,T,PER,TOTAL,ASY_APP,CZ,2023,1405.0
1016,A,EXT_EU27_2020,T,PER,TOTAL,ASY_APP,DE,2023,351510.0
1017,A,EXT_EU27_2020,T,PER,TOTAL,ASY_APP,DK,2023,2455.0
1018,A,EXT_EU27_2020,T,PER,TOTAL,ASY_APP,EE,2023,3985.0
1019,A,EXT_EU27_2020,T,PER,TOTAL,ASY_APP,EL,2023,64225.0
1020,A,EXT_EU27_2020,T,PER,TOTAL,ASY_APP,ES,2023,162420.0
1022,A,EXT_EU27_2020,T,PER,TOTAL,ASY_APP,FI,2023,5335.0
1023,A,EXT_EU27_2020,T,PER,TOTAL,ASY_APP,FR,2023,166940.0
1024,A,EXT_EU27_2020,T,PER,TOTAL,ASY_APP,HR,2023,1750.0
1025,A,EXT_EU27_2020,T,PER,TOTAL,ASY_APP,HU,2023,30.0
1026,A,EXT_EU27_2020,T,PER,TOTAL,ASY_APP,IE,2023,13275.0
1027,A,EXT_EU27_2020,T,PER,TOTAL,ASY_APP,IS,2023,4155.0
1028,A,EXT_EU27_2020,T,PER,TOTAL,ASY_APP,IT,2023,135820.0
1029,A,EXT_EU27_2020,T,PER,TOTAL,ASY_APP,LI,2023,80.0
1030,A,EXT_EU27_2020,T,PER,TOTAL,ASY_APP,LT,2023,575.0
1031,A,EXT_EU27_2020,T,PER,TOTAL,ASY_APP,LU,2023,2685.0
1032,A,EXT_EU27_2020,T,PER,TOTAL,ASY_APP,LV,2023,1700.0
1033,A,EXT_EU27_2020,T,PER,TOTAL,ASY_APP,ME,2023,145.0
1034,A,EXT_EU27_2020,T,PER,TOTAL,ASY_APP,MT,2023,855.0
1035,A,EXT_EU27_2020,T,PER,TOTAL,ASY_APP,NL,2023,39710.0
1036,A,EXT_EU27_2020,T,PER,TOTAL,ASY_APP,NO,2023,5350.0
1037,A,EXT_EU27_2020,T,PER,TOTAL,ASY_APP,PL,2023,9475.0
1038,A,EXT_EU27_2020,T,PER,TOTAL,ASY_APP,PT,2023,2695.0
1039,A,EXT_EU27_2020,T,PER,TOTAL,ASY_APP,RO,2023,10095.0
1040,A,EXT_EU27_2020,T,PER,TOTAL,ASY_APP,SE,2023,17010.0
1041,A,EXT_EU27_2020,T,PER,TOTAL,ASY_APP,SI,2023,7260.0
1042,A,EXT_EU27_2020,T,PER,TOTAL,ASY_APP,SK,2023,410.0
1043,A,EXT_EU27_2020,T,PER,TOTAL,ASY_APP,UK,2023,
1044,A,EXT_EU27_2020,T,PER,TOTAL,NASY_APP,AT,2023,56135.0
1045,A,EXT_EU27_2020,T,PER,TOTAL,NASY_APP,BE,2023,29260.0
1046,A,EXT_EU27_2020,T,PER,TOTAL,NASY_APP,BG,2023,22390.0
1047,A,EXT_EU27_2020,T,PER,TOTAL,NASY_APP,CH,2023,26820.0
1048,A,EXT_EU27_2020,T,PER,TOTAL,NASY_APP,CY,2023,11660.0
1049,A,EXT_EU27_2020,T,PER,TOTAL,NASY_APP,CZ,2023,1130.0
1050,A,EXT_EU27_2020,T,PER,TOTAL,NASY_APP,DE,2023,329035.0
1051,A,EXT_EU27_2020,T,PER,TOTAL,NASY_APP,DK,2023,2355.0
1052,A,EXT_EU27_2020,T,PER,TOTAL,NASY_APP,EE,2023,3980.0
1053,A,EXT_EU27_2020,T,PER,TOTAL,NASY_APP,EL,2023,57895.0
1054,A,EXT_EU27_2020,T,PER,TOTAL,NASY_APP,ES,2023,160460.0
1056,A,EXT_EU27_2020,T,PER,TOTAL,NASY_APP,FI,2023,4450.0
1057,A,EXT_EU27_2020,T,PER,TOTAL,NASY_APP,FR,2023,145055.0
1058,A,EXT_EU27_2020,T,PER,TOTAL,NASY_APP,HR,2023,1635.0
1059,A,EXT_EU27_2020,T,PER,TOTAL,NASY_APP,HU,2023,30.0
1060,A,EXT_EU27_2020,T,PER,TOTAL,NASY_APP,IE,2023,13220.0
1061,A,EXT_EU27_2020,T,PER,TOTAL,NASY_APP,IS,2023,4120.0
1062,A,EXT_EU27_2020,T,PER,TOTAL,NASY_APP,IT,2023,130565.0
1063,A,EXT_EU27_2020,T,PER,TOTAL,NASY_APP,LI,2023,70.0
1064,A,EXT_EU27_2020,T,PER,TOTAL,NASY_APP,LT,2023,510.0
1065,A,EXT_EU27_2020,T,PER,TOTAL,NASY_APP,LU,2023,2615.0
1066,A,EXT_EU27_2020,T,PER,TOTAL,NASY_APP,LV,2023,1625.0
1067,A,EXT_EU27_2020,T,PER,TOTAL,NASY_APP,ME,2023,145.0
1068,A,EXT_EU27_2020,T,PER,TOTAL,NASY_APP,MT,2023,490.0
1069,A,EXT_EU27_2020,T,PER,TOTAL,NASY_APP,NL,2023,38320.0
1070,A,EXT_EU27_2020,T,PER,TOTAL,NASY_APP,NO,2023,5135.0
1071,A,EXT_EU27_2020,T,PER,TOTAL,NASY_APP,PL,2023,7720.0
1072,A,EXT_EU27_2020,T,PER,TOTAL,NASY_APP,PT,2023,2600.0
1073,A,EXT_EU27_2020,T,PER,TOTAL,NASY_APP,RO,2023,9875.0
1074,A,EXT_EU27_2020,T,PER,TOTAL,NASY_APP,SE,2023,8945.0
1075,A,EXT_EU27_2020,T,PER,TOTAL,NASY_APP,SI,2023,7185.0
1076,A,EXT_EU27_2020,T,PER,TOTAL,NASY_APP,SK,2023,370.0
1077,A,EXT_EU27_2020,T,PER,TOTAL,NASY_APP,UK,2023,
1078,A,EXT_EU27_2020,T,PER,TOTAL,SSEQ,AT,2023,3075.0
1079,A,EXT_EU27_2020,T,PER,TOTAL,SSEQ,BE,2023,5900.0
1080,A,EXT_EU27_2020,T,PER,TOTAL,SSEQ,BG,2023,115.0
1081,A,EXT_EU27_2020,T,PER,TOTAL,SSEQ,CH,2023,3320.0
1082,A,EXT_EU27_2020,T,PER,TOTAL,SSEQ,CY,2023,
1083,A,EXT_EU27_2020,T,PER,TOTAL,SSEQ,CZ,2023,275.0
1084,A,EXT_EU27_2020,T,PER,TOTAL,SSEQ,DE,2023,22640.0
1085,A,EXT_EU27_2020,T,PER,TOTAL,SSEQ,DK,2023,
1086,A,EXT_EU27_2020,T,PER,TOTAL,SSEQ,EE,2023,5.0
1087,A,EXT_EU27_2020,T,PER,TOTAL,SSEQ,EL,2023,6325.0
1088,A,EXT_EU27_2020,T,PER,TOTAL,SSEQ,ES,2023,1965.0
1090,A,EXT_EU27_2020,T,PER,TOTAL,SSEQ,FI,2023,860.0
1091,A,EXT_EU27_2020,T,PER,TOTAL,SSEQ,FR,2023,21885.0
1092,A,EXT_EU27_2020,T,PER,TOTAL,SSEQ,HR,2023,115.0
1093,A,EXT_EU27_2020,T,PER,TOTAL,SSEQ,HU,2023,5.0
1094,A,EXT_EU27_2020,T,PER,TOTAL,SSEQ,IE,2023,50.0
1095,A,EXT_EU27_2020,T,PER,TOTAL,SSEQ,IS,2023,20.0
1096,A,EXT_EU27_2020,T,PER,TOTAL,SSEQ,IT,2023,5255.0
1097,A,EXT_EU27_2020,T,PER,TOTAL,SSEQ,LI,2023,0.0
1098,A,EXT_EU27_2020,T,PER,TOTAL,SSEQ,LT,2023,65.0
1099,A,EXT_EU27_2020,T,PER,TOTAL,SSEQ,LU,2023,70.0
1100,A,EXT_EU27_2020,T,PER,TOTAL,SSEQ,LV,2023,75.0
1101,A,EXT_EU27_2020,T,PER,TOTAL,SSEQ,ME,2023,0.0
1102,A,EXT_EU27_2020,T,PER,TOTAL,SSEQ,MT,2023,75.0
1103,A,EXT_EU27_2020,T,PER,TOTAL,SSEQ,NL,2023,1390.0
1104,A,EXT_EU27_2020,T,PER,TOTAL,SSEQ,NO,2023,50.0
1105,A,EXT_EU27_2020,T,PER,TOTAL,SSEQ,PL,2023,1755.0
1106,A,EXT_EU27_2020,T,PER,TOTAL,SSEQ,PT,2023,30.0
1107,A,EXT_EU27_2020,T,PER,TOTAL,SSEQ,RO,2023,220.0
1108,A,EXT_EU27_2020,T,PER,TOTAL,SSEQ,SE,2023,3935.0
1109,A,EXT_EU27_2020,T,PER,TOTAL,SSEQ,SI,2023,45.0
1110,A,EXT_EU27_2020,T,PER,TOTAL,SSEQ,SK,2023,15.0
1111,A,EXT_EU27_2020,T,PER,TOTAL,ASY_APP,AT,2024,24915.0
1112,A,EXT_EU27_2020,T,PER,TOTAL,ASY_APP,BE,2024,39510.0
1113,A,EXT_EU27_2020,T,PER,TOTAL,ASY_APP,BG,2024,12260.0
1114,A,EXT_EU27_2020,T,PER,TOTAL,ASY_APP,CH,2024,27615.0
1115,A,EXT_EU27_2020,T,PER,TOTAL,ASY_APP,CY,2024,9185.0
1116,A,EXT_EU27_2020,T,PER,TOTAL,ASY_APP,CZ,2024,1355.0
1117,A,EXT_EU27_2020,T,PER,TOTAL,ASY_APP,DE,2024,250550.0
1118,A,EXT_EU27_2020,T,PER,TOTAL,ASY_APP,DK,2024,2280.0
1119,A,EXT_EU27_2020,T,PER,TOTAL,ASY_APP,EE,2024,1355.0
1120,A,EXT_EU27_2020,T,PER,TOTAL,ASY_APP,EL,2024,73680.0
1121,A,EXT_EU27_2020,T,PER,TOTAL,ASY_APP,ES,2024,166145.0
1123,A,EXT_EU27_2020,T,PER,TOTAL,ASY_APP,FI,2024,2915.0
1124,A,EXT_EU27_2020,T,PER,TOTAL,ASY_APP,FR,2024,157850.0
1125,A,EXT_EU27_2020,T,PER,TOTAL,ASY_APP,HR,2024,1115.0
1126,A,EXT_EU27_2020,T,PER,TOTAL,ASY_APP,HU,2024,30.0
1127,A,EXT_EU27_2020,T,PER,TOTAL,ASY_APP,IE,2024,18565.0
1128,A,EXT_EU27_2020,T,PER,TOTAL,ASY_APP,IS,2024,1925.0
1129,A,EXT_EU27_2020,T,PER,TOTAL,ASY_APP,IT,2024,158605.0
1130,A,EXT_EU27_2020,T,PER,TOTAL,ASY_APP,LI,2024,85.0
1131,A,EXT_EU27_2020,T,PER,TOTAL,ASY_APP,LT,2024,360.0
1132,A,EXT_EU27_2020,T,PER,TOTAL,ASY_APP,LU,2024,2205.0
1133,A,EXT_EU27_2020,T,PER,TOTAL,ASY_APP,LV,2024,1040.0
1134,A,EXT_EU27_2020,T,PER,TOTAL,ASY_APP,ME,2024,130.0
1135,A,EXT_EU27_2020,T,PER,TOTAL,ASY_APP,MT,2024,725.0
1136,A,EXT_EU27_2020,T,PER,TOTAL,ASY_APP,NL,2024,33435.0
1137,A,EXT_EU27_2020,T,PER,TOTAL,ASY_APP,NO,2024,4940.0
1138,A,EXT_EU27_2020,T,PER,TOTAL,ASY_APP,PL,2024,16775.0
1139,A,EXT_EU27_2020,T,PER,TOTAL,ASY_APP,PT,2024,2655.0
1140,A,EXT_EU27_2020,T,PER,TOTAL,ASY_APP,RO,2024,2400.0
1141,A,EXT_EU27_2020,T,PER,TOTAL,ASY_APP,SE,2024,11110.0
1142,A,EXT_EU27_2020,T,PER,TOTAL,ASY_APP,SI,2024,5635.0
1143,A,EXT_EU27_2020,T,PER,TOTAL,ASY_APP,SK,2024,150.0
1144,A,EXT_EU27_2020,T,PER,TOTAL,ASY_APP,UK,2024,
1145,A,EXT_EU27_2020,T,PER,TOTAL,NASY_APP,AT,2024,21810.0
1146,A,EXT_EU27_2020,T,PER,TOTAL,NASY_APP,BE,2024,33050.0
1147,A,EXT_EU27_2020,T,PER,TOTAL,NASY_APP,BG,2024,12130.0
1148,A,EXT_EU27_2020,T,PER,TOTAL,NASY_APP,CH,2024,22670.0
1149,A,EXT_EU27_2020,T,PER,TOTAL,NASY_APP,CY,2024,6750.0
1150,A,EXT_EU27_2020,T,PER,TOTAL,NASY_APP,CZ,2024,1025.0
1151,A,EXT_EU27_2020,T,PER,TOTAL,NASY_APP,DE,2024,229695.0
1152,A,EXT_EU27_2020,T,PER,TOTAL,NASY_APP,DK,2024,2180.0
1153,A,EXT_EU27_2020,T,PER,TOTAL,NASY_APP,EE,2024,1330.0
1154,A,EXT_EU27_2020,T,PER,TOTAL,NASY_APP,EL,2024,68995.0
1155,A,EXT_EU27_2020,T,PER,TOTAL,NASY_APP,ES,2024,164010.0
1157,A,EXT_EU27_2020,T,PER,TOTAL,NASY_APP,FI,2024,2260.0
1158,A,EXT_EU27_2020,T,PER,TOTAL,NASY_APP,FR,2024,130860.0
1159,A,EXT_EU27_2020,T,PER,TOTAL,NASY_APP,HR,2024,1000.0
1160,A,EXT_EU27_2020,T,PER,TOTAL,NASY_APP,HU,2024,25.0
1161,A,EXT_EU27_2020,T,PER,TOTAL,NASY_APP,IE,2024,18435.0
1162,A,EXT_EU27_2020,T,PER,TOTAL,NASY_APP,IS,2024,1860.0
1163,A,EXT_EU27_2020,T,PER,TOTAL,NASY_APP,IT,2024,151120.0
1164,A,EXT_EU27_2020,T,PER,TOTAL,NASY_APP,LI,2024,75.0
1165,A,EXT_EU27_2020,T,PER,TOTAL,NASY_APP,LT,2024,295.0
1166,A,EXT_EU27_2020,T,PER,TOTAL,NASY_APP,LU,2024,2125.0
1167,A,EXT_EU27_2020,T,PER,TOTAL,NASY_APP,LV,2024,800.0
1168,A,EXT_EU27_2020,T,PER,TOTAL,NASY_APP,ME,2024,125.0
1169,A,EXT_EU27_2020,T,PER,TOTAL,NASY_APP,MT,2024,440.0
1170,A,EXT_EU27_2020,T,PER,TOTAL,NASY_APP,NL,2024,31925.0
1171,A,EXT_EU27_2020,T,PER,TOTAL,NASY_APP,NO,2024,4800.0
1172,A,EXT_EU27_2020,T,PER,TOTAL,NASY_APP,PL,2024,14445.0
1173,A,EXT_EU27_2020,T,PER,TOTAL,NASY_APP,PT,2024,
1174,A,EXT_EU27_2020,T,PER,TOTAL,NASY_APP,RO,2024,2265.0
1175,A,EXT_EU27_2020,T,PER,TOTAL,NASY_APP,SE,2024,6755.0
1176,A,EXT_EU27_2020,T,PER,TOTAL,NASY_APP,SI,2024,5465.0
1177,A,EXT_EU27_2020,T,PER,TOTAL,NASY_APP,SK,2024,135.0
1178,A,EXT_EU27_2020,T,PER,TOTAL,NASY_APP,UK,2024,
1179,A,EXT_EU27_2020,T,PER,TOTAL,SSEQ,AT,2024,3105.0
1180,A,EXT_EU27_2020,T,PER,TOTAL,SSEQ,BE,2024,6460.0
1181,A,EXT_EU27_2020,T,PER,TOTAL,SSEQ,BG,2024,120.0
1182,A,EXT_EU27_2020,T,PER,TOTAL,SSEQ,CH,2024,4985.0
1183,A,EXT_EU27_2020,T,PER,TOTAL,SSEQ,CY,2024,1895.0
1184,A,EXT_EU27_2020,T,PER,TOTAL,SSEQ,CZ,2024,330.0
1185,A,EXT_EU27_2020,T,PER,TOTAL,SSEQ,DE,2024,21005.0
1186,A,EXT_EU27_2020,T,PER,TOTAL,SSEQ,DK,2024,
1187,A,EXT_EU27_2020,T,PER,TOTAL,SSEQ,EE,2024,25.0
1188,A,EXT_EU27_2020,T,PER,TOTAL,SSEQ,EL,2024,4690.0
1189,A,EXT_EU27_2020,T,PER,TOTAL,SSEQ,ES,2024,2140.0
1191,A,EXT_EU27_2020,T,PER,TOTAL,SSEQ,FI,2024,560.0
1192,A,EXT_EU27_2020,T,PER,TOTAL,SSEQ,FR,2024,26990.0
1193,A,EXT_EU27_2020,T,PER,TOTAL,SSEQ,HR,2024,115.0
1194,A,EXT_EU27_2020,T,PER,TOTAL,SSEQ,HU,2024,0.0
1195,A,EXT_EU27_2020,T,PER,TOTAL,SSEQ,IE,2024,125.0
1196,A,EXT_EU27_2020,T,PER,TOTAL,SSEQ,IS,2024,50.0
1197,A,EXT_EU27_2020,T,PER,TOTAL,SSEQ,IT,2024,7485.0
1198,A,EXT_EU27_2020,T,PER,TOTAL,SSEQ,LI,2024,0.0
1199,A,EXT_EU27_2020,T,PER,TOTAL,SSEQ,LT,2024,65.0
1200,A,EXT_EU27_2020,T,PER,TOTAL,SSEQ,LU,2024,75.0
1201,A,EXT_EU27_2020,T,PER,TOTAL,SSEQ,LV,2024,240.0
1202,A,EXT_EU27_2020,T,PER,TOTAL,SSEQ,ME,2024,0.0
1203,A,EXT_EU27_2020,T,PER,TOTAL,SSEQ,MT,2024,60.0
1204,A,EXT_EU27_2020,T,PER,TOTAL,SSEQ,NL,2024,1510.0
1205,A,EXT_EU27_2020,T,PER,TOTAL,SSEQ,NO,2024,40.0
1206,A,EXT_EU27_2020,T,PER,TOTAL,SSEQ,PL,2024,2450.0
1207,A,EXT_EU27_2020,T,PER,TOTAL,SSEQ,PT,2024,15.0
1208,A,EXT_EU27_2020,T,PER,TOTAL,SSEQ,RO,2024,135.0
1209,A,EXT_EU27_2020,T,PER,TOTAL,SSEQ,SE,2024,3705.0
1210,A,EXT_EU27_2020,T,PER,TOTAL,SSEQ,SI,2024,65.0
1211,A,EXT_EU27_2020,T,PER,TOTAL,SSEQ,SK,2024,10.0
